Batch Size: 256	Seq Len: 32
Testing Category: DS	Threshold: 0.1
Training Size: 19990	Validation Size: 4998
2019-03-22 13:32:46.847602
~~ Training / Validation ~~
Epoch: 0 Average Training Accuracy: tensor(0.2648)
Average Training Loss: 14.930764104746565
Epoch: 0 Average Validation Accuracy: tensor(0.2581)
Average Validation Loss: 13.114426565170287
Epoch: 10 Average Training Accuracy: tensor(0.2619)
Average Training Loss: 12.806341706951962
Epoch: 10 Average Validation Accuracy: tensor(0.2581)
Average Validation Loss: 13.11952314376831
Epoch: 20 Average Training Accuracy: tensor(0.2619)
Average Training Loss: 12.786816105057921
Epoch: 20 Average Validation Accuracy: tensor(0.2581)
Average Validation Loss: 13.10692024230957
Epoch: 30 Average Training Accuracy: tensor(0.2619)
Average Training Loss: 12.770814058146899
Epoch: 30 Average Validation Accuracy: tensor(0.2581)
Average Validation Loss: 13.071194458007813
Epoch: 40 Average Training Accuracy: tensor(0.2619)
Average Training Loss: 12.773360229745697
Epoch: 40 Average Validation Accuracy: tensor(0.2581)
Average Validation Loss: 13.073917269706726
Epoch: 49 Average Training Accuracy: tensor(0.2619)
Average Training Loss: 12.77109004651444
Epoch: 49 Average Validation Accuracy: tensor(0.2581)
Average Validation Loss: 13.062579226493835
Number of Testing Enumerations: 3950
2019-03-25 01:50:07.599472
~~ Testing ~~
Video: E11zDS9XGzg	Size: 568
"Ground Truth: [0.2 0.2 0.2 0.2 0.2 0.2 0.2 0.2 0.2 0.2 0.2 0.2 0.2 0.2 0.2 0.2 0.2 0.2
 0.2 0.2 0.2 0.2 0.2 0.2 0.2 0.2 0.2 0.2 0.2 0.2 0.2 0.2 0.2 0.2 0.2 0.2
 0.2 0.2 0.2 0.2 0.2 0.2 0.2 0.2 0.2 0.2 0.2 0.2 0.2 0.2 0.2 0.2 0.2 0.2
 0.2 0.2 0.2 0.2 0.2 0.2 0.2 0.2 0.2 0.2 0.2 0.2 0.2 0.2 0.2 0.2 0.2 0.2
 0.2 0.2 0.2 0.2 0.2 0.2 0.2 0.2 0.2 0.2 0.2 0.2 0.2 0.2 0.2 0.2 0.2 0.2
 0.2 0.2 0.2 0.2 0.2 0.2 0.2 0.2 0.2 0.2 0.2 0.2 0.2 0.2 0.2 0.2 0.2 0.2
 0.2 0.2 0.2 0.2 0.2 0.2 0.2 0.2 0.2 0.2 0.2 0.2 0.2 0.2 0.2 0.2 0.2 0.2
 0.2 0.2 0.2 0.2 0.2 0.2 0.2 0.2 0.2 0.2 0.2 0.2 0.2 0.2 0.2 0.2 0.2 0.2
 0.2 0.2 0.2 0.2 0.2 0.2 0.2 0.2 0.2 0.2 0.2 0.2 0.2 0.2 0.2 0.2 0.2 0.2
 0.2 0.2 0.2 0.2 0.2 0.2 0.2 0.2 0.2 0.2 0.2 0.2 0.2 0.2 0.2 0.2 0.2 0.2
 0.2 0.2 0.2 0.2 0.2 0.2 0.2 0.2 0.2 0.2 0.2 0.2 0.2 0.2 0.2 0.2 0.2 0.2
 0.2 0.2 0.2 0.2 0.2 0.2 0.2 0.2 0.2 0.2 0.2 0.2 0.2 0.2 0.2 0.2 0.2 0.2
 0.2 0.2 0.2 0.2 0.8 0.8 0.8 0.8 0.8 0.8 0.8 0.8 0.8 0.8 0.8 0.8 1.  1.
 1.  1.  1.  1.  1.  1.  1.  1.  1.  1.  1.  1.  1.  1.  1.  1.  1.  1.
 1.  1.  1.  1.  1.  1.  1.  1.  1.  1.  1.  1.  1.  1.  1.  1.  1.  1.
 1.  1.  1.  1.  1.  1.  1.  1.  1.  1.  1.  1.  1.  1.  1.  1.  1.  1.
 1.  1.  1.  1.  1.  1.  1.  1.  1.  1.  1.  1.  1.  1.  1.  1.  1.  1.
 1.  1.  1.  1.  1.  1.  1.  1.  1.  1.  0.2 0.2 0.2 0.2 0.2 0.2 0.2 0.2
 0.2 0.2 0.2 0.2 0.2 0.2 0.2 0.2 0.2 0.2 0.2 0.2 0.2 0.2 0.2 0.2 0.2 0.2
 0.2 0.2 0.2 0.2 0.2 0.2 0.2 0.2 0.2 0.2 0.2 0.2 0.2 0.2 0.2 0.2 0.2 0.2
 0.2 0.2 0.2 0.2 0.2 0.2 0.2 0.2 0.2 0.2 0.2 0.2 0.2 0.2 0.2 0.2 0.2 0.2
 0.2 0.2 0.2 0.2 0.2 0.2 0.2 0.2 0.2 0.2 0.2 0.2 0.2 0.2 0.2 0.2 0.2 0.2
 0.2 0.2 0.2 0.2 0.2 0.2 0.2 0.2 0.2 0.2 0.2 0.2 0.2 0.2 0.2 0.2 0.2 0.2
 0.2 0.2 0.2 0.2 0.2 0.2 0.2 0.2 0.2 0.2 0.2 0.2 0.2 0.2 0.2 0.2 0.2 0.2
 0.2 0.2 0.2 0.2 0.2 0.2 0.2 0.2 0.2 0.2 0.2 0.2 0.2 0.2 0.2 0.2 0.2 0.2
 0.2 0.2 0.2 0.2 0.2 0.2 0.2 0.2 0.2 0.2 0.2 0.2 0.2 0.2 0.2 0.2 0.2 0.2
 0.2 0.2 0.2 0.2 0.6 0.6 0.6 0.6 0.6 0.6 0.6 0.6 0.6 0.6 0.6 0.6 0.6 0.6
 0.6 0.6 0.6 0.6 0.6 0.6 0.6 0.6 0.6 0.6 0.6 0.6 0.6 0.6 0.6 0.6 0.6 0.6
 0.6 0.6 0.6 0.6 0.8 0.8 0.8 0.8 0.8 0.8 0.8 0.8 0.8 0.8 0.8 0.8 1.  1.
 1.  1.  1.  1.  1.  1.  1.  1.  1.  1.  1.  1.  1.  1.  1.  1.  1.  1.
 1.  1.  1.  1.  0.6 0.6 0.6 0.6 0.6 0.6 0.6 0.6 0.6 0.6 0.6 0.6 0.2 0.2
 0.2 0.2 0.2 0.2 0.2 0.2 0.2 0.2 0.2 0.2]"
"Generated: [0.39038625 0.38844305 0.38768145 0.38882235 0.39103642 0.388629
 0.38956    0.38172117 0.3893184  0.39049593 0.37877893 0.3862682
 0.38341263 0.38583738 0.3818921  0.38488892 0.38445386 0.388084
 0.38851684 0.38491437 0.3934056  0.3901777  0.37958223 0.38701916
 0.38606176 0.3811928  0.39606458 0.38897362 0.38393012 0.38775608
 0.3862646  0.3851692  0.38917175 0.38827932 0.38910186 0.39113227
 0.3886663  0.3895661  0.38196126 0.39013958 0.39075077 0.37885326
 0.38625816 0.38349926 0.38587534 0.38189313 0.38493302 0.3844436
 0.38811013 0.38855    0.3849155  0.39341298 0.39018634 0.37960154
 0.38701084 0.38606355 0.38119325 0.39606518 0.38897374 0.38393012
 0.38775578 0.38626462 0.38516963 0.3905674  0.3894308  0.38972202
 0.39137992 0.3890519  0.3896273  0.38224813 0.39049068 0.3912344
 0.37942842 0.3865755  0.38386905 0.3860315  0.38199118 0.38513938
 0.3845071  0.38822618 0.38871557 0.38496876 0.3934453  0.3902341
 0.37965512 0.3870156  0.3860685  0.38119388 0.3960668  0.38897425
 0.38393015 0.38775587 0.3862647  0.3851709  0.3905674  0.3926468
 0.39078918 0.3919272  0.3895189  0.38968098 0.3826637  0.3917439
 0.39307246 0.3814822  0.38764262 0.38517353 0.38658676 0.3823379
 0.38587207 0.3847115  0.38862848 0.3892793  0.3851337  0.3935466
 0.39039865 0.3798439  0.3870218  0.38608658 0.38119644 0.3960724
 0.38897607 0.38393024 0.38775614 0.38626507 0.38517538 0.39056745
 0.39264685 0.38934094 0.39321804 0.39050367 0.3898545  0.38343418
 0.39392188 0.39620355 0.38515303 0.3896627  0.38751933 0.38758326
 0.38297802 0.38720316 0.38508764 0.38935685 0.39029947 0.38543236
 0.39373776 0.39069873 0.38018188 0.38703188 0.38611907 0.38120088
 0.39608246 0.38897917 0.38393041 0.38775674 0.38626558 0.3851833
 0.3905675  0.3926468  0.38934162 0.38383338 0.39021835 0.38993603
 0.3836192  0.394678   0.39771417 0.38735867 0.39114907 0.3890561
 0.3882353  0.38340122 0.38808438 0.38532308 0.38984352 0.39099208
 0.38562867 0.39387545 0.39090246 0.3804114  0.38702515 0.38614002
 0.38120362 0.3960893  0.38898128 0.38393041 0.387757   0.38626584
 0.38518882 0.3905675  0.3926465  0.38934204 0.38383627 0.38586724
 0.38873777 0.38359857 0.39543837 0.39884126 0.38865498 0.39206743
 0.39035857 0.38880756 0.38372782 0.38890207 0.38553128 0.39026955
 0.39170143 0.38583824 0.3940082  0.39111713 0.38065043 0.3870361
 0.38616434 0.38120657 0.3960966  0.38898358 0.3839306  0.38775745
 0.38626608 0.38519454 0.3905675  0.39264628 0.38934246 0.3838391
 0.38588092 0.3897184  0.38527256 0.3973533  0.3992813  0.38907522
 0.39285707 0.3907494  0.38898912 0.38383642 0.38911605 0.38558638
 0.3903969  0.39194816 0.38591293 0.39405796 0.39118764 0.38073072
 0.3870284  0.3861699  0.3812067  0.3960992  0.38898438 0.38393053
 0.38775745 0.38626614 0.3851966  0.39056754 0.39264622 0.38934255
 0.38384008 0.38588575 0.38971937 0.38671404 0.3869948  0.3930951
 0.3939563  0.39599675 0.3939265  0.3920495  0.39319608 0.38827407
 0.39303607 0.39561483 0.40213948 0.39613566 0.39513984 0.3918646
 0.39198494 0.3913366  0.391144   0.38683933 0.39368558 0.39060912
 0.3899362  0.3941229  0.38696033 0.387405   0.39126825 0.3919326
 0.39347926 0.3881827  0.3942547  0.3934808  0.39451897 0.39081013
 0.3944746  0.3937643  0.39597386 0.393755   0.39203888 0.39360577
 0.38739836 0.39284918 0.39600307 0.4023135  0.39620113 0.39502788
 0.39177713 0.39170006 0.39111534 0.39075536 0.38676742 0.39367282
 0.39058957 0.38991418 0.39411238 0.386937   0.38740537 0.39127356
 0.3919635  0.3934848  0.38818425 0.3942556  0.39348015 0.3945192
 0.39081085 0.39115545 0.394573   0.39627412 0.39365593 0.39208806
 0.39340615 0.38696995 0.39249107 0.39589074 0.40243152 0.3962279
 0.39506844 0.3918731  0.3915119  0.39090425 0.39036137 0.3866914
 0.39376393 0.39063695 0.38992324 0.39413342 0.38694122 0.38740653
 0.39134586 0.3923077  0.39363864 0.38821986 0.39428467 0.3934885
 0.39453158 0.39082673 0.39116    0.39221206 0.39656374 0.39345127
 0.39209905 0.39323947 0.38667017 0.39225462 0.39577493 0.40250793
 0.39626858 0.39510512 0.39195064 0.3913266  0.39068118 0.38981688
 0.38663018 0.3939005  0.39073002 0.3899756  0.39417928 0.386983
 0.38741097 0.3914327  0.39266935 0.39379764 0.38825646 0.39431462
 0.39349714 0.3945444  0.39084297 0.3911646  0.39221308 0.39843965
 0.3940584  0.39217877 0.3933448  0.38685197 0.39223817 0.3954637
 0.40249717 0.39629292 0.39520645 0.39209014 0.39132613 0.39062473
 0.38962734 0.38661918 0.3941032  0.3909027  0.3901202  0.39426604
 0.38709545 0.38742173 0.39150578 0.393003   0.39394715 0.38829097
 0.39434278 0.39350522 0.39455646 0.3908584  0.39116892 0.39221412
 0.3984416  0.3973643  0.39085042 0.39291617 0.3867003  0.39163455
 0.39490873 0.40217873 0.3962888  0.3952198  0.3921112  0.39128166
 0.39063013 0.38964775 0.38668227 0.39434695 0.39113805 0.3903499
 0.3943795  0.38725865 0.3874409  0.3915616  0.39327547 0.39407206
 0.38832    0.3943663  0.39351168 0.39456657 0.39087152 0.39117235
 0.39221516 0.398445   0.39736435 0.39793634 0.3931671  0.3872253
 0.39194202 0.39501017 0.4021888  0.39638856 0.39536628 0.39231053
 0.39159158 0.39091882 0.39034444 0.38672978 0.39441058 0.39119336
 0.39040992 0.39440072 0.38727596 0.3874499  0.3916047  0.39349455
 0.39417216 0.38834316 0.3943844  0.3935158  0.39457434 0.39088205
 0.3911749  0.39221612 0.39844835 0.39736474 0.3979362  0.39569494
 0.38810116 0.39283898 0.3952437  0.402514   0.39618123 0.39548343
 0.39244068 0.39193463 0.39123675 0.39086708 0.38675553 0.39448556
 0.3912735  0.3904973  0.39442852 0.38730207 0.3874628  0.3916619
 0.39373368 0.39427906 0.38836846 0.3944056  0.39352217 0.39458352
 0.3908939  0.39117846 0.39221755 0.3984514  0.39736456 0.3979361
 0.3956942  0.39416254 0.3918241  0.38494602 0.38833958 0.393972
 0.39352778 0.3888091  0.38608152 0.39345214 0.39276865 0.38755336
 0.38310868 0.382129   0.38259897 0.3878623  0.38996246 0.3880573
 0.38991067 0.38814947 0.38757858 0.3893728  0.3902048  0.3937478
 0.39144772 0.39462268 0.3909709  0.3910873  0.39562547 0.3900703
 0.38946435 0.39182493 0.3900269  0.3927165  0.38640612 0.38906208
 0.39512232 0.39401564 0.38889802 0.38642535 0.39497304 0.3947974
 0.38766262 0.38327178 0.38215202 0.3826262  0.38787636 0.38996497
 0.38806075 0.389915   0.3881508  0.38758102 0.3893731  0.39020905
 0.39375535 0.3914562  0.3947113  0.39212963]"
Accuracy: 0
Video: NyBmCxDoHJU	Size: 564
"Ground Truth: [1.  1.  1.  1.  1.  1.  1.  1.  1.  1.  1.  1.  1.  1.  1.  1.  1.  1.
 0.6 0.6 0.6 0.6 0.6 0.6 0.6 0.6 0.6 0.6 0.6 0.6 0.6 0.6 0.6 0.6 0.6 0.6
 0.6 0.6 0.8 0.8 0.8 0.8 0.8 0.8 0.8 0.8 0.8 0.8 0.6 0.6 0.6 0.6 0.6 0.6
 0.6 0.6 0.6 0.6 0.4 0.4 0.4 0.4 0.4 0.4 0.4 0.4 0.4 0.4 0.4 0.4 0.4 0.4
 0.4 0.4 0.4 0.4 0.4 0.4 0.8 0.8 0.8 0.8 0.8 0.8 0.8 0.8 0.8 0.8 0.2 0.2
 0.2 0.2 0.2 0.2 0.2 0.2 0.2 0.2 0.4 0.4 0.4 0.4 0.4 0.4 0.4 0.4 0.4 0.4
 0.4 0.4 0.4 0.4 0.4 0.4 0.4 0.4 0.4 0.4 0.2 0.2 0.2 0.2 0.2 0.2 0.2 0.2
 0.2 0.2 0.6 0.6 0.6 0.6 0.6 0.6 0.6 0.6 0.6 0.6 0.6 0.6 0.6 0.6 0.6 0.6
 0.6 0.6 0.6 0.6 0.4 0.4 0.4 0.4 0.4 0.4 0.4 0.4 0.4 0.4 0.6 0.6 0.6 0.6
 0.6 0.6 0.6 0.6 0.6 0.6 0.2 0.2 0.2 0.2 0.2 0.2 0.2 0.2 0.2 0.2 0.2 0.2
 0.2 0.2 0.2 0.2 0.2 0.2 0.2 0.2 0.2 0.2 0.2 0.2 0.2 0.2 0.2 0.2 0.2 0.2
 0.4 0.4 0.4 0.4 0.4 0.4 0.4 0.4 0.4 0.4 0.2 0.2 0.2 0.2 0.2 0.2 0.2 0.2
 0.2 0.2 0.2 0.2 0.2 0.2 0.2 0.2 0.2 0.2 0.2 0.2 0.2 0.2 0.2 0.2 0.2 0.2
 0.2 0.2 0.2 0.2 0.2 0.2 0.2 0.2 0.2 0.2 0.2 0.2 0.2 0.2 0.4 0.4 0.4 0.4
 0.4 0.4 0.4 0.4 0.4 0.4 0.8 0.8 0.8 0.8 0.8 0.8 0.8 0.8 0.8 0.8 0.2 0.2
 0.2 0.2 0.2 0.2 0.2 0.2 0.2 0.2 0.2 0.2 0.2 0.2 0.2 0.2 0.2 0.2 0.2 0.2
 0.4 0.4 0.4 0.4 0.4 0.4 0.4 0.4 0.4 0.4 0.4 0.4 0.4 0.4 0.4 0.4 0.4 0.4
 0.4 0.4 0.2 0.2 0.2 0.2 0.2 0.2 0.2 0.2 0.2 0.2 0.4 0.4 0.4 0.4 0.4 0.4
 0.4 0.4 0.4 0.4 0.4 0.4 0.4 0.4 0.4 0.4 0.4 0.4 0.4 0.4 0.2 0.2 0.2 0.2
 0.2 0.2 0.2 0.2 0.2 0.2 0.6 0.6 0.6 0.6 0.6 0.6 0.6 0.6 0.2 0.2 0.2 0.2
 0.2 0.2 0.2 0.2 0.2 0.2 0.2 0.2 0.2 0.2 0.2 0.2 0.2 0.2 0.2 0.2 0.4 0.4
 0.4 0.4 0.4 0.4 0.4 0.4 0.4 0.4 0.8 0.8 0.8 0.8 0.8 0.8 0.8 0.8 0.8 0.8
 0.2 0.2 0.2 0.2 0.2 0.2 0.2 0.2 0.2 0.2 0.8 0.8 0.8 0.8 0.8 0.8 0.8 0.8
 0.8 0.8 0.4 0.4 0.4 0.4 0.4 0.4 0.4 0.4 0.4 0.4 0.6 0.6 0.6 0.6 0.6 0.6
 0.6 0.6 0.6 0.6 0.4 0.4 0.4 0.4 0.4 0.4 0.4 0.4 0.4 0.4 0.2 0.2 0.2 0.2
 0.2 0.2 0.2 0.2 0.2 0.2 0.4 0.4 0.4 0.4 0.4 0.4 0.4 0.4 0.4 0.4 0.2 0.2
 0.2 0.2 0.2 0.2 0.2 0.2 0.2 0.2 0.2 0.2 0.2 0.2 0.2 0.2 0.2 0.2 0.2 0.2
 0.6 0.6 0.6 0.6 0.6 0.6 0.6 0.6 0.6 0.6 0.2 0.2 0.2 0.2 0.2 0.2 0.2 0.2
 0.2 0.2 0.2 0.2 0.2 0.2 0.2 0.2 0.2 0.2 0.2 0.2 0.4 0.4 0.4 0.4 0.4 0.4
 0.4 0.4 0.4 0.4 0.4 0.4 0.4 0.4 0.4 0.4 0.4 0.4 0.4 0.4 1.  1.  1.  1.
 1.  1.  1.  1.  1.  1.  0.2 0.2 0.2 0.2 0.2 0.2 0.2 0.2 0.2 0.4 0.4 0.4
 0.4 0.4 0.4 0.4 0.4 0.4]"
"Generated: [0.38598177 0.3848321  0.38975543 0.389896   0.3853454  0.3886083
 0.38659874 0.39018905 0.38659215 0.38879257 0.39033535 0.3911786
 0.39250118 0.3910568  0.392276   0.38963312 0.3915016  0.39058113
 0.38787574 0.3875327  0.38707632 0.38175943 0.38701597 0.3905682
 0.39456666 0.38887125 0.39167705 0.38783163 0.37732628 0.38562363
 0.38991523 0.38653383 0.38329083 0.3896587  0.38818482 0.38473514
 0.38873228 0.3867344  0.39026114 0.3866335  0.38884646 0.3903573
 0.39121976 0.39258754 0.3910697  0.39234406 0.3896841  0.39151984
 0.39060086 0.38790548 0.38754332 0.3870806  0.38177237 0.3870202
 0.39057055 0.39456692 0.38887125 0.391677   0.3878315  0.37732622
 0.38562727 0.3899157  0.38653442 0.38888457 0.39029264 0.3883064
 0.3850216  0.3889714  0.38685504 0.39034286 0.3866252  0.388874
 0.39037204 0.39122373 0.3925681  0.39106926 0.39233416 0.38967118
 0.39150453 0.39058486 0.38790017 0.3875409  0.3870806  0.3817716
 0.38702    0.3905703  0.39456692 0.38887125 0.39167702 0.3878316
 0.37732622 0.38562796 0.38991582 0.3865346  0.3888849  0.3859326
 0.3889268  0.38494566 0.38908136 0.3869697  0.3903378  0.38654304
 0.38888392 0.39034006 0.3912108  0.39258802 0.39108256 0.3923592
 0.38969025 0.39150733 0.39058697 0.38791    0.38754395 0.38708138
 0.38177904 0.38702354 0.39057082 0.39456704 0.38887125 0.39167702
 0.38783154 0.37732622 0.38562796 0.38991576 0.3865346  0.3888849
 0.3859324  0.39104038 0.38526875 0.3892351  0.38719988 0.39040408
 0.38647306 0.38892457 0.3902504  0.39116654 0.39256915 0.39108568
 0.39237165 0.38969377 0.39150637 0.3905852  0.38791364 0.3875441
 0.38708168 0.38178253 0.38702467 0.39057067 0.3945671  0.38887125
 0.39167702 0.3878316  0.37732622 0.38562924 0.38991573 0.3865348
 0.38888496 0.38593233 0.39104053 0.38702103 0.3890674  0.38735408
 0.3906838  0.38678822 0.38898465 0.39026168 0.3911987  0.39259484
 0.39109397 0.39239627 0.38970125 0.39150694 0.39058095 0.38791776
 0.38754576 0.38708267 0.3817863  0.38702682 0.39057082 0.39456734
 0.38887125 0.39167705 0.38783166 0.37732622 0.38563198 0.38991606
 0.38653532 0.3888851  0.3859324  0.39104068 0.3870231  0.3940695
 0.38757184 0.39107153 0.38707867 0.38923585 0.39025423 0.3912184
 0.3925907  0.39112404 0.39245442 0.38973203 0.39151    0.3905794
 0.3879299  0.38755053 0.38708514 0.38179815 0.38703236 0.3905707
 0.39456737 0.38887134 0.39167705 0.3878316  0.37732616 0.3856308
 0.38991576 0.3865352  0.38888532 0.38593364 0.391041   0.3870251
 0.3940698  0.39182654 0.391285   0.3870396  0.389532   0.3902636
 0.3912274  0.39270633 0.39114928 0.39258254 0.38981003 0.39153165
 0.39059564 0.38797104 0.38756362 0.38709018 0.38183263 0.38704717
 0.3905725  0.39456767 0.38887134 0.39167696 0.38783145 0.3773259
 0.3856325  0.38991573 0.38653556 0.38888568 0.3859351  0.39104134
 0.38702723 0.39407024 0.3918269  0.3901992  0.39076018 0.39021027
 0.39851573 0.39038402 0.38957363 0.3905992  0.38945937 0.3832926
 0.39325148 0.39468336 0.38699704 0.386073   0.3881202  0.3872704
 0.38582715 0.38375723 0.3899946  0.3909291  0.38426954 0.38730234
 0.39143738 0.39023083 0.38976806 0.3875353  0.38737968 0.38772044
 0.3936648  0.38695163 0.38421115 0.38788489 0.3873435  0.38463354
 0.39103463 0.39764652 0.39028075 0.3898962  0.39055023 0.38938904
 0.3832016  0.39324972 0.39466974 0.38703156 0.38582098 0.38810444
 0.3872334  0.3856788  0.38375053 0.38998398 0.39092487 0.38426158
 0.3873007  0.3914324  0.39021856 0.38975996 0.38753182 0.3873784
 0.38767573 0.39366335 0.38695118 0.38421106 0.3878849  0.3873434
 0.3846336  0.38600394 0.39509636 0.38919505 0.38986927 0.39077276
 0.38936555 0.38315153 0.39328194 0.3946527  0.3870326  0.38577998
 0.3881006  0.3872294  0.3856474  0.38374966 0.38998243 0.39092445
 0.38426015 0.38730043 0.391432   0.39021572 0.3897581  0.38753116
 0.38737816 0.38766548 0.39366302 0.38695112 0.38421103 0.38788494
 0.38734335 0.38463363 0.38600394 0.38380507 0.38844645 0.38848874
 0.39029795 0.3894286  0.38313386 0.39323467 0.3946289  0.3869928
 0.38580346 0.38809463 0.38722312 0.38566613 0.38374987 0.3899826
 0.39092508 0.38426155 0.3873007  0.39143252 0.39021772 0.38975933
 0.38753128 0.38737825 0.38767278 0.39366326 0.38695118 0.38421106
 0.38788494 0.3873434  0.3846336  0.38600394 0.38380507 0.38678592
 0.3897381  0.38993374 0.38875794 0.38297075 0.39304733 0.39456305
 0.38685432 0.3857303  0.38807952 0.3871986  0.3856169  0.38374907
 0.38997707 0.39092427 0.3842623  0.38730136 0.39145452 0.39021465
 0.3897559  0.3875291  0.38737753 0.38765624 0.3936631  0.38695127
 0.38421142 0.38788536 0.38734356 0.38463378 0.386004   0.38380516
 0.3867861  0.3865244  0.3882642  0.38765058 0.38287586 0.39322552
 0.3945209  0.38684687 0.3857228  0.38806137 0.38717845 0.38558066
 0.38375416 0.38997266 0.3909238  0.38426995 0.3873052  0.39154014
 0.39021674 0.38975152 0.38752702 0.3873769  0.38764048 0.393664
 0.3869521  0.38421318 0.38788703 0.38734433 0.38463438 0.38600436
 0.38380545 0.38678697 0.38652873 0.39482075 0.38647097 0.3831542
 0.39278468 0.39461616 0.3866999  0.3857527  0.3880414  0.38712627
 0.38562313 0.38374752 0.3899729  0.39092267 0.38426846 0.38730386
 0.3915056  0.3902186  0.38975525 0.3875283  0.38737732 0.38765773
 0.39366385 0.38695154 0.38421214 0.38788593 0.38734373 0.3846338
 0.3860038  0.38380507 0.38678634 0.38652676 0.39481968 0.39074036
 0.38600636 0.39367795 0.39472768 0.38730127 0.3858234  0.3880961
 0.38733268 0.3855635  0.38375142 0.38997352 0.39092034 0.38425925
 0.38730133 0.3914584  0.39020833 0.38975137 0.38752785 0.38737696
 0.3876304  0.39366215 0.38695025 0.38421038 0.38788414 0.38734263
 0.38463283 0.38600272 0.38380438 0.38678536 0.38652426 0.39481845
 0.3907387  0.39701012 0.3832986  0.38222736 0.39084014 0.39002168
 0.38794857 0.38959762 0.3884991  0.39172795 0.39382035 0.39043942
 0.3901772  0.390533   0.4001312  0.39113083 0.39139178 0.3960621
 0.4020657  0.39408186 0.401591   0.3927459  0.39431936 0.3877766
 0.3955074  0.39186686 0.39992    0.39412156 0.39578897 0.3905005
 0.39519268 0.38868243 0.39253956 0.38527882 0.3837109  0.39160022
 0.3905772  0.38821438 0.3895706  0.3885022  0.3917687  0.39381468
 0.39043915 0.39018327 0.3905373  0.40014073 0.39113927 0.39139286
 0.39606345 0.40207025 0.3940855  0.40159953 0.39274627 0.40690637]"
Accuracy: tensor(0.3174)
Video: kLxoNp-UchI	Size: 534
"Ground Truth: [0.2 0.2 0.2 0.2 0.2 0.2 0.6 0.6 0.6 0.6 0.6 0.6 0.6 0.6 0.6 0.6 0.6 0.6
 0.4 0.4 0.4 0.4 0.4 0.4 0.4 0.4 0.4 0.4 0.4 0.4 0.2 0.2 0.2 0.2 0.2 0.2
 0.2 0.2 0.2 0.2 0.2 0.2 0.2 0.2 0.2 0.2 0.2 0.2 0.2 0.2 0.2 0.2 0.2 0.2
 0.2 0.2 0.2 0.2 0.2 0.2 0.2 0.2 0.2 0.2 0.2 0.2 0.6 0.6 0.6 0.6 0.6 0.6
 0.6 0.6 0.6 0.6 0.6 0.6 1.  1.  1.  1.  1.  1.  1.  1.  1.  1.  1.  1.
 0.8 0.8 0.8 0.8 0.8 0.8 0.8 0.8 0.8 0.8 0.8 0.8 0.2 0.2 0.2 0.2 0.2 0.2
 0.2 0.2 0.2 0.2 0.2 0.2 0.2 0.2 0.2 0.2 0.2 0.2 0.2 0.2 0.2 0.2 0.2 0.2
 0.4 0.4 0.4 0.4 0.4 0.4 0.4 0.4 0.4 0.4 0.4 0.4 0.2 0.2 0.2 0.2 0.2 0.2
 0.2 0.2 0.2 0.2 0.2 0.2 0.6 0.6 0.6 0.6 0.6 0.6 0.6 0.6 0.6 0.6 0.6 0.6
 0.6 0.6 0.6 0.6 0.6 0.6 0.6 0.6 0.6 0.6 0.6 0.6 0.4 0.4 0.4 0.4 0.4 0.4
 0.4 0.4 0.4 0.4 0.4 0.4 0.2 0.2 0.2 0.2 0.2 0.2 0.2 0.2 0.2 0.2 0.2 0.2
 0.4 0.4 0.4 0.4 0.4 0.4 0.4 0.4 0.4 0.4 0.4 0.4 0.2 0.2 0.2 0.2 0.2 0.2
 0.2 0.2 0.2 0.2 0.2 0.2 0.4 0.4 0.4 0.4 0.4 0.4 0.4 0.4 0.4 0.4 0.4 0.4
 0.8 0.8 0.8 0.8 0.8 0.8 0.8 0.8 0.8 0.8 0.8 0.8 0.6 0.6 0.6 0.6 0.6 0.6
 0.6 0.6 0.6 0.6 0.6 0.6 0.2 0.2 0.2 0.2 0.2 0.2 0.2 0.2 0.2 0.2 0.2 0.2
 0.2 0.2 0.2 0.2 0.2 0.2 0.2 0.2 0.2 0.2 0.2 0.2 0.6 0.6 0.6 0.6 0.6 0.6
 0.6 0.6 0.6 0.6 0.6 0.6 0.2 0.2 0.2 0.2 0.2 0.2 0.2 0.2 0.2 0.2 0.2 0.2
 0.2 0.2 0.2 0.2 0.2 0.2 0.2 0.2 0.2 0.2 0.2 0.2 0.4 0.4 0.4 0.4 0.4 0.4
 0.4 0.4 0.4 0.4 0.4 0.4 0.4 0.4 0.4 0.4 0.4 0.4 0.4 0.4 0.4 0.4 0.4 0.4
 0.2 0.2 0.2 0.2 0.2 0.2 0.2 0.2 0.2 0.2 0.2 0.2 0.4 0.4 0.4 0.4 0.4 0.4
 0.4 0.4 0.4 0.4 0.4 0.4 0.2 0.2 0.2 0.2 0.2 0.2 0.2 0.2 0.2 0.2 0.2 0.2
 0.4 0.4 0.4 0.4 0.4 0.4 0.4 0.4 0.4 0.4 0.4 0.4 0.2 0.2 0.2 0.2 0.2 0.2
 0.2 0.2 0.2 0.2 0.2 0.2 0.2 0.2 0.2 0.2 0.2 0.2 0.2 0.2 0.2 0.2 0.2 0.2
 0.4 0.4 0.4 0.4 0.4 0.4 0.4 0.4 0.4 0.4 0.4 0.4 0.6 0.6 0.6 0.6 0.6 0.6
 0.6 0.6 0.6 0.6 0.6 0.6 0.6 0.6 0.6 0.6 0.6 0.6 0.6 0.6 0.6 0.6 0.6 0.6
 0.2 0.2 0.2 0.2 0.2 0.2 0.2 0.2 0.2 0.2 0.2 0.2 0.2 0.2 0.2 0.2 0.2 0.2
 0.2 0.2 0.2 0.2 0.2 0.2 0.4 0.4 0.4 0.4 0.4 0.4 0.4 0.4 0.4 0.4 0.4 0.4
 0.6 0.6 0.6 0.6 0.6 0.6 0.6 0.6 0.6 0.6 0.6 0.6 1.  1.  1.  1.  1.  1.
 1.  1.  1.  1.  1.  1.  0.6 0.6 0.6 0.6 0.6 0.6 0.6 0.6 0.6 0.6 0.6 0.6
 0.8 0.8 0.8 0.8 0.8 0.8 0.8 0.8 0.8 0.8 0.8 0.8]"
"Generated: [0.3898331  0.39027694 0.390619   0.39041218 0.38800466 0.3846928
 0.38554627 0.38513324 0.38506624 0.3855611  0.38643616 0.3843532
 0.38559878 0.38567543 0.38741407 0.3863422  0.39133215 0.39136174
 0.39102125 0.3903927  0.39054707 0.3907085  0.39089835 0.3910806
 0.38955072 0.39109737 0.3904544  0.39096984 0.38760445 0.38733175
 0.3869128  0.38903227 0.39407402 0.39329135 0.39255255 0.38995302
 0.3847432  0.38516337 0.3848361  0.38486466 0.38543177 0.3863143
 0.3843052  0.3855589  0.38565314 0.38739777 0.38633302 0.3913203
 0.39135313 0.3910124  0.39038548 0.39053872 0.39070216 0.3908933
 0.39107254 0.3895397  0.39109182 0.39045015 0.39096537 0.38760313
 0.3873314  0.38691267 0.38903052 0.39127046 0.39464808 0.39342618
 0.39065418 0.38427818 0.38463822 0.3846399  0.38489282 0.38550475
 0.38640156 0.38434073 0.38557965 0.38566625 0.3874166  0.38634315
 0.39133415 0.39136243 0.391021   0.39039108 0.39053735 0.3907017
 0.39089352 0.3910665  0.3895255  0.3910881  0.3904469  0.39096174
 0.38760233 0.38733116 0.38691255 0.38902983 0.39126998 0.39355958
 0.39446878 0.39175078 0.38418096 0.38451633 0.3846764  0.3850584
 0.38566527 0.38655755 0.38441122 0.38564363 0.38570094 0.38745275
 0.3863666  0.39135548 0.39137536 0.39103398 0.39040154 0.39054638
 0.39070982 0.39090112 0.39107466 0.38953462 0.39109322 0.39045092
 0.39096567 0.387603   0.38733137 0.38691267 0.38902992 0.39127007
 0.39355958 0.39101845 0.39262804 0.3846887  0.38517228 0.38506144
 0.38533723 0.38587713 0.3867227  0.38448894 0.38570988 0.38573822
 0.38748887 0.38639188 0.3913723  0.39138412 0.39104506 0.3904119
 0.39055458 0.39071822 0.3909103  0.39108354 0.38954458 0.3910986
 0.39045534 0.3909697  0.38760346 0.38733155 0.3869128  0.3890291
 0.39126948 0.39355925 0.3910184  0.3866506  0.38252944 0.38473988
 0.38503912 0.38533065 0.38587928 0.38674057 0.38442916 0.38567466
 0.38573137 0.38751432 0.38642243 0.39138633 0.39138952 0.39106563
 0.3904346  0.39057305 0.39073724 0.3909344  0.39110643 0.38956395
 0.39111477 0.39046848 0.39098316 0.38760558 0.38733244 0.38691354
 0.38902932 0.39126933 0.3935593  0.39101854 0.38665047 0.38888445
 0.38392156 0.3846655  0.38499653 0.38568178 0.3865767  0.3844177
 0.38562307 0.38572407 0.38749883 0.3864337  0.39137915 0.3913893
 0.39107254 0.39044163 0.39057758 0.39074227 0.39094138 0.3911121
 0.38956356 0.39111975 0.3904719  0.3909866  0.38761297 0.38733402
 0.38691399 0.38903058 0.39127177 0.39355996 0.39101875 0.3866504
 0.38888445 0.40420607 0.38490742 0.38501328 0.38563895 0.3863872
 0.38436425 0.38554838 0.38573188 0.387499   0.38646355 0.3913298
 0.39134914 0.3910282  0.3904107  0.39054754 0.3907247  0.39093557
 0.39109218 0.3895344  0.39110467 0.39046192 0.39097527 0.38762325
 0.3873373  0.38691562 0.38903433 0.39127597 0.39356157 0.3910192
 0.3866505  0.38888454 0.40420598 0.40435746 0.3921597  0.3928984
 0.39544624 0.3966782  0.39428768 0.39398637 0.39379594 0.38914457
 0.39307198 0.3929664  0.39411774 0.39687443 0.39903048 0.39763826
 0.39511496 0.39198273 0.39418918 0.39648876 0.39295533 0.39041048
 0.38926786 0.38950425 0.3885301  0.39338666 0.39532378 0.40048805
 0.3915544  0.39001915 0.39327267 0.3954535  0.39348245 0.38991776
 0.39273834 0.39485168 0.39645413 0.3943824  0.39391682 0.3936141
 0.38935953 0.39321235 0.39305323 0.39416456 0.39686573 0.39884755
 0.39722532 0.39468256 0.39155206 0.3938925  0.39649153 0.3929362
 0.39042488 0.38930655 0.38957518 0.3885932  0.3934898  0.3954242
 0.4005334  0.39159292 0.39002544 0.3932659  0.39544767 0.39347407
 0.3899672  0.39071822 0.3937966  0.3959049  0.39395684 0.39363813
 0.3932891  0.3894562  0.3932789  0.39309877 0.3941795  0.39683485
 0.39868945 0.39695573 0.3944732  0.39130503 0.3937089  0.39648294
 0.3929307  0.39043388 0.38932326 0.38959593 0.38861552 0.39351448
 0.39544857 0.40054238 0.3915989  0.3900169  0.39325702 0.3954403
 0.39346132 0.38997135 0.39071065 0.39635605 0.39508533 0.39344522
 0.39336613 0.39304578 0.3895669  0.3933561  0.3931619  0.3941606
 0.39675194 0.39844328 0.39663643 0.39427814 0.39104292 0.39350083
 0.3964597  0.39292333 0.3904416  0.3893361  0.38960603 0.38862672
 0.39352375 0.3954573  0.40054372 0.39159742 0.3900023  0.39324382
 0.39542773 0.39343962 0.38996345 0.39069942 0.3963541  0.3942754
 0.39283937 0.39292517 0.39270547 0.38999394 0.39366636 0.39345226
 0.39426702 0.39670724 0.39821184 0.39640602 0.39417535 0.39084226
 0.39333013 0.39644665 0.39292413 0.39045042 0.38934785 0.3896145
 0.38862705 0.39352638 0.39545968 0.40053922 0.39159167 0.3899872
 0.39323032 0.39541316 0.39341614 0.3899535  0.3906887  0.39635074
 0.39425918 0.39521787 0.39291346 0.39259025 0.39058775 0.3940225
 0.39379027 0.3943628  0.3965836  0.39791295 0.3961903  0.3940876
 0.39064226 0.39314342 0.39642572 0.39292032 0.39045417 0.38935345
 0.38961715 0.38861963 0.39352444 0.39545828 0.4005217  0.39157566
 0.3899654  0.39321405 0.39539543 0.39339313 0.38994262 0.39067712
 0.39634508 0.3942406  0.39519596 0.39301753 0.3925112  0.3916627
 0.3945583  0.39431813 0.39458326 0.39654362 0.39778292 0.3960995
 0.39405188 0.39062116 0.393131   0.39642063 0.39291838 0.3904376
 0.38933787 0.38961065 0.3886001  0.39351553 0.39545032 0.40048304
 0.39154392 0.3899367  0.3931981  0.3953808  0.39338878 0.38993976
 0.3906729  0.39633846 0.3942293  0.39518434 0.3930091  0.39717185
 0.3931942  0.39516163 0.39519155 0.39606726 0.39723894 0.3982436
 0.39744788 0.39479813 0.3919798  0.39509663 0.3967462  0.39313158
 0.39044437 0.38932845 0.3896067  0.3886048  0.39352718 0.39545113
 0.400502   0.39151406 0.38989058 0.39316836 0.39536607 0.39339626
 0.38994175 0.3906684  0.39632994 0.3942144  0.39516878 0.39299744
 0.39715847 0.40232456 0.39857563 0.3981523  0.3982036  0.39523065
 0.39395118 0.39458624 0.39473596 0.39034545 0.38952526 0.39062655
 0.3836351  0.38185528 0.38603923 0.38895583 0.39104077 0.39283437
 0.39308053 0.38702303 0.3871982  0.38430196 0.38321176 0.38726738]"
Accuracy: tensor(0.2472)
Video: jcoYJXDG9sw	Size: 568
"Ground Truth: [0.4 0.4 0.4 0.4 0.6 0.6 0.6 0.6 0.6 0.6 0.6 0.6 0.6 0.6 0.6 0.6 0.4 0.4
 0.4 0.4 0.4 0.4 0.4 0.4 0.4 0.4 0.4 0.4 0.2 0.2 0.2 0.2 0.2 0.2 0.2 0.2
 0.2 0.2 0.2 0.2 0.4 0.4 0.4 0.4 0.4 0.4 0.4 0.4 0.4 0.4 0.4 0.4 0.2 0.2
 0.2 0.2 0.2 0.2 0.2 0.2 0.2 0.2 0.2 0.2 0.2 0.2 0.2 0.2 0.2 0.2 0.2 0.2
 0.2 0.2 0.2 0.2 0.4 0.4 0.4 0.4 0.4 0.4 0.4 0.4 0.4 0.4 0.4 0.4 0.2 0.2
 0.2 0.2 0.2 0.2 0.2 0.2 0.2 0.2 0.2 0.2 0.2 0.2 0.2 0.2 0.2 0.2 0.2 0.2
 0.2 0.2 0.2 0.2 0.4 0.4 0.4 0.4 0.4 0.4 0.4 0.4 0.4 0.4 0.4 0.4 0.4 0.4
 0.4 0.4 0.4 0.4 0.4 0.4 0.4 0.4 0.4 0.4 0.6 0.6 0.6 0.6 0.6 0.6 0.6 0.6
 0.6 0.6 0.6 0.6 0.2 0.2 0.2 0.2 0.2 0.2 0.2 0.2 0.2 0.2 0.2 0.2 0.2 0.2
 0.2 0.2 0.2 0.2 0.2 0.2 0.2 0.2 0.2 0.2 0.2 0.2 0.2 0.2 0.2 0.2 0.2 0.2
 0.2 0.2 0.2 0.2 0.2 0.2 0.2 0.2 0.2 0.2 0.2 0.2 0.2 0.2 0.2 0.4 0.4 0.4
 0.4 0.4 0.4 0.4 0.4 0.4 0.4 0.4 0.4 0.2 0.2 0.2 0.2 0.2 0.2 0.2 0.2 0.2
 0.2 0.2 0.2 0.2 0.2 0.2 0.2 0.2 0.2 0.2 0.2 0.2 0.2 0.2 0.2 0.6 0.6 0.6
 0.6 0.6 0.6 0.6 0.6 0.6 0.6 0.6 0.6 0.2 0.2 0.2 0.2 0.2 0.2 0.2 0.2 0.2
 0.2 0.2 0.2 0.2 0.2 0.2 0.2 0.2 0.2 0.2 0.2 0.2 0.2 0.2 0.2 0.6 0.6 0.6
 0.6 0.6 0.6 0.6 0.6 0.6 0.6 0.6 0.6 0.6 0.6 0.6 0.6 0.6 0.6 0.6 0.6 0.6
 0.6 0.6 0.6 0.8 0.8 0.8 0.8 0.8 0.8 0.8 0.8 0.8 0.8 0.8 0.8 0.2 0.2 0.2
 0.2 0.2 0.2 0.2 0.2 0.2 0.2 0.2 0.2 0.2 0.2 0.2 0.2 0.2 0.2 0.2 0.2 0.2
 0.2 0.2 0.2 0.4 0.4 0.4 0.4 0.4 0.4 0.4 0.4 0.4 0.4 0.4 0.4 0.6 0.6 0.6
 0.6 0.6 0.6 0.6 0.6 0.6 0.6 0.6 0.6 0.4 0.4 0.4 0.4 0.4 0.4 0.4 0.4 0.4
 0.4 0.4 0.4 0.2 0.2 0.2 0.2 0.2 0.2 0.2 0.2 0.2 0.2 0.2 0.2 0.4 0.4 0.4
 0.4 0.4 0.4 0.4 0.4 0.4 0.4 0.4 0.4 0.4 0.4 0.4 0.4 0.4 0.4 0.4 0.4 0.4
 0.4 0.4 0.4 0.2 0.2 0.2 0.2 0.2 0.2 0.2 0.2 0.2 0.2 0.2 0.2 0.4 0.4 0.4
 0.4 0.4 0.4 0.4 0.4 0.4 0.4 0.4 0.4 0.2 0.2 0.2 0.2 0.2 0.2 0.2 0.2 0.2
 0.2 0.2 0.2 0.2 0.2 0.2 0.2 0.2 0.2 0.2 0.2 0.2 0.2 0.2 0.2 0.4 0.4 0.4
 0.4 0.4 0.4 0.4 0.4 0.4 0.4 0.4 0.4 0.4 0.4 0.4 0.4 0.4 0.4 0.4 0.4 0.4
 0.4 0.4 0.4 0.4 0.4 0.4 0.4 0.4 0.4 0.4 0.4 0.4 0.4 0.4 0.4 0.2 0.2 0.2
 0.2 0.2 0.2 0.2 0.2 0.2 0.2 0.2 0.2 0.2 0.2 0.2 0.2 0.2 0.2 0.2 0.2 0.2
 0.2 0.2 0.2 0.4 0.4 0.4 0.4 0.4 0.4 0.4 0.4 0.4 0.4 0.4 0.4 0.6 0.6 0.6
 0.6 0.6 0.6 0.6 0.6 0.6 0.6 0.6 0.6 0.2 0.2 0.2 0.2 0.2 0.2 0.2 0.2 0.2
 0.2 0.2 0.2 1.  1.  1.  1.  1.  1.  1.  1.  1.  1.  1.  1.  0.6 0.6 0.6
 0.6 0.6 0.6 0.6 0.6 0.6 0.6 0.6 0.6 0.8]"
"Generated: [0.38985318 0.38933095 0.38943383 0.3890112  0.38867941 0.39188635
 0.39470994 0.39847726 0.3987765  0.40030318 0.4025299  0.39809445
 0.39481914 0.3950367  0.3994516  0.39758772 0.39694232 0.39807215
 0.39919353 0.39921123 0.40065047 0.3991727  0.39530182 0.39811832
 0.39942735 0.39820293 0.3994795  0.39400518 0.39535576 0.3896959
 0.38718137 0.38541967 0.38514546 0.38673666 0.38781327 0.38833657
 0.39214218 0.39493182 0.3985262  0.39864588 0.40021878 0.4024729
 0.39808387 0.39480388 0.3949886  0.39944443 0.39758652 0.3969374
 0.3980661  0.3991847  0.39920402 0.40064114 0.39915416 0.39529517
 0.39811268 0.3994213  0.3981959  0.39946955 0.3940028  0.3953538
 0.38969147 0.38718164 0.38541895 0.38459417 0.38574407 0.38667202
 0.3880825  0.39159065 0.39443788 0.39826244 0.39851514 0.40018204
 0.40244988 0.3980658  0.39475816 0.3948778  0.39941013 0.39756164
 0.39691597 0.39804998 0.39916253 0.39918995 0.40062362 0.39911383
 0.39527768 0.3981028  0.3994143  0.3981937  0.39946446 0.3940026
 0.3953469  0.38968801 0.38718063 0.3854147  0.3845871  0.38515463
 0.38497582 0.38674417 0.39112237 0.39403212 0.39801237 0.39822486
 0.40011242 0.40240026 0.39804605 0.39466727 0.39458334 0.39933246
 0.39751756 0.396868   0.39800906 0.39910018 0.3991508  0.40057617
 0.39900246 0.3952324  0.39808145 0.3993988  0.39818493 0.3994458
 0.39399347 0.39532462 0.38967487 0.38717616 0.38540295 0.38457415
 0.38514858 0.39153254 0.38531318 0.3905511  0.39337048 0.397619
 0.3975572  0.39994118 0.40224296 0.39798334 0.39432204 0.39339814
 0.39903796 0.39737415 0.3966882  0.39785364 0.3988559  0.39900926
 0.40041298 0.3985892  0.39506143 0.39800733 0.39935172 0.39815694
 0.39936402 0.39394855 0.39525235 0.38962424 0.3871547  0.3853552
 0.38453203 0.38512027 0.391519   0.3878108  0.38962603 0.39153644
 0.39656562 0.39616618 0.3993341  0.40181783 0.39789203 0.39392868
 0.39168727 0.3986536  0.39720142 0.39643165 0.39763725 0.3984741
 0.3987987  0.40016273 0.39792478 0.39480364 0.39793405 0.39934212
 0.39816603 0.3992792  0.39390263 0.39524034 0.38961995 0.38714933
 0.38529977 0.384463   0.3850682  0.39150733 0.38779888 0.385913
 0.3911607  0.39592758 0.39527425 0.39868802 0.40137213 0.3977789
 0.3938656  0.39137048 0.39859042 0.3971535  0.39638212 0.39759043
 0.39839393 0.3987393  0.4000914  0.39775226 0.39472604 0.39789808
 0.399314   0.39815304 0.39924768 0.39388883 0.3951679  0.38962376
 0.38712546 0.38525236 0.38443002 0.38504547 0.3914948  0.38778698
 0.38590243 0.38471133 0.3951093  0.39488268 0.39856976 0.4014259
 0.39765918 0.39388025 0.3912351  0.39858958 0.39714095 0.3963605
 0.3975759  0.3983584  0.3987081  0.4000525  0.39764076 0.39467734
 0.39787966 0.39929584 0.39813942 0.39921495 0.39387336 0.39513564
 0.38960856 0.38711062 0.38522083 0.38440374 0.38502717 0.39148298
 0.38777557 0.38589334 0.38471016 0.38406023 0.38855842 0.3860848
 0.3901986  0.38766524 0.38976613 0.38886198 0.38904375 0.39014825
 0.38967404 0.38918236 0.39112112 0.3875649  0.3866735  0.3873412
 0.3854565  0.38790154 0.39113477 0.39399156 0.3951456  0.3932536
 0.39021787 0.39220792 0.3936691  0.39325765 0.39592275 0.39955768
 0.3963425  0.3921418  0.39383    0.39353782 0.39007238 0.390999
 0.38695648 0.3912261  0.38847536 0.39063847 0.38918066 0.3892834
 0.3904672  0.3898837  0.3892992  0.39121017 0.38756692 0.3866753
 0.3873419  0.38544494 0.3877619  0.3911541  0.39401573 0.3950918
 0.393231   0.39026925 0.39225656 0.3937133  0.39333788 0.39644814
 0.40005124 0.39666942 0.39215836 0.39384595 0.3935554  0.3900866
 0.3910539  0.38821188 0.3914807  0.3886784  0.39074534 0.3891311
 0.3892077  0.39046282 0.3898467  0.38929853 0.3912073  0.38757333
 0.38665113 0.3873216  0.38543677 0.38777837 0.3911862  0.39394182
 0.39504847 0.3931649  0.3903126  0.39234948 0.39380887 0.39337498
 0.39662033 0.40021673 0.39678484 0.39216384 0.39384305 0.39355624
 0.39008653 0.39107555 0.38821194 0.39096305 0.3884588  0.3905978
 0.3889984  0.38906986 0.390374   0.38974053 0.38922355 0.39118436
 0.38755468 0.38660893 0.3872815  0.3854028  0.38772655 0.39114994
 0.39388528 0.39499474 0.39310232 0.3903249  0.3923691  0.3938279
 0.39338297 0.39667624 0.4002708  0.39681917 0.39216256 0.39383492
 0.3935535  0.3900839  0.39108112 0.3882095  0.39096546 0.3935675
 0.3899973  0.38874015 0.3888733  0.39023983 0.3896044  0.3891385
 0.3911458  0.3875361  0.38655755 0.38723224 0.38537645 0.38771793
 0.39111778 0.39382195 0.39493614 0.39304388 0.39035636 0.39238727
 0.39385843 0.39338854 0.39666128 0.40026116 0.39681444 0.39215705
 0.39382368 0.3935484  0.39007884 0.39107677 0.3882039  0.39096043
 0.39356637 0.38747224 0.38807243 0.3884603  0.38990957 0.3893432
 0.3890542  0.39104697 0.38749135 0.38646758 0.38716128 0.38534436
 0.38767722 0.39102384 0.39373192 0.3947777  0.39294365 0.39029312
 0.39233747 0.39382344 0.3933673  0.396506   0.40012127 0.3967167
 0.39213777 0.39381456 0.39353803 0.39007145 0.39105862 0.3881995
 0.3909465  0.3935373  0.38746986 0.3958806  0.3877089  0.38950682
 0.38915485 0.38885966 0.39092276 0.38741118 0.38635394 0.38705432
 0.385231   0.38748387 0.39078027 0.39363495 0.39449075 0.39270893
 0.39004585 0.39200494 0.3935511  0.39320526 0.39629427 0.39992234
 0.39655834 0.39212918 0.39380693 0.39353022 0.39006427 0.39104128
 0.38819852 0.39093587 0.39351854 0.3874459  0.39586332 0.3905116
 0.38888696 0.3889845  0.38874155 0.3907947  0.38732186 0.38624004
 0.38693944 0.38515663 0.38749567 0.39072883 0.39356637 0.3944363
 0.39262676 0.3899427  0.39192703 0.3934616  0.39306453 0.39591786
 0.39957178 0.396316   0.39211598 0.39379913 0.39351934 0.39005303
 0.3910098  0.38819784 0.390912   0.39348415 0.38743365 0.3958547
 0.3905055  0.39239678 0.39086562 0.3913955  0.38972175 0.38755342
 0.38185805 0.38458604 0.39009738 0.39137295 0.3950161  0.39660108
 0.39891565 0.3931595  0.3951     0.39577425 0.3935623  0.39277768
 0.39364427 0.38757005 0.38854754 0.38726702 0.38358977 0.38631174
 0.39719608 0.38699254 0.38860148 0.3900969  0.39073327 0.38953328
 0.38919023 0.38878918 0.38978153 0.38901436 0.3886475  0.38815102
 0.3872658  0.3814404  0.38448963 0.38963175 0.39110932 0.3941918
 0.3964407  0.39900282 0.39315382 0.39497945 0.39575195 0.39356056
 0.3927646  0.3935941  0.38649833 0.3883306  0.38697803 0.3835732
 0.3863064  0.397192   0.38699102 0.3906775 ]"
Accuracy: tensor(0.3239)
Video: -esJrBWj2d8	Size: 567
"Ground Truth: [0.6 0.6 0.6 0.6 0.2 0.2 0.2 0.2 0.2 0.2 0.2 0.2 0.2 0.2 0.2 0.2 0.4 0.4
 0.4 0.4 0.4 0.4 0.4 0.4 0.4 0.4 0.4 0.4 0.2 0.2 0.2 0.2 0.2 0.2 0.2 0.2
 0.2 0.2 0.2 0.2 0.2 0.2 0.2 0.2 0.2 0.2 0.2 0.2 0.2 0.2 0.2 0.2 0.4 0.4
 0.4 0.4 0.4 0.4 0.4 0.4 0.4 0.4 0.4 0.4 0.4 0.4 0.4 0.4 0.4 0.4 0.4 0.4
 0.4 0.4 0.4 0.4 0.2 0.2 0.2 0.2 0.2 0.2 0.2 0.2 0.2 0.2 0.2 0.2 0.2 0.2
 0.2 0.2 0.2 0.2 0.2 0.2 0.2 0.2 0.2 0.2 0.2 0.2 0.2 0.2 0.2 0.2 0.2 0.2
 0.2 0.2 0.2 0.2 0.4 0.4 0.4 0.4 0.4 0.4 0.4 0.4 0.4 0.4 0.4 0.4 0.6 0.6
 0.6 0.6 0.6 0.6 0.6 0.6 0.6 0.6 0.6 0.6 0.2 0.2 0.2 0.2 0.2 0.2 0.2 0.2
 0.2 0.2 0.2 0.2 0.2 0.2 0.2 0.2 0.2 0.2 0.2 0.2 0.2 0.2 0.2 0.2 0.2 0.2
 0.2 0.2 0.2 0.2 0.2 0.2 0.2 0.2 0.2 0.2 0.2 0.2 0.2 0.2 0.2 0.2 0.2 0.2
 0.2 0.2 0.2 0.4 0.4 0.4 0.4 0.4 0.4 0.4 0.4 0.4 0.4 0.4 0.4 0.4 0.4 0.4
 0.4 0.4 0.4 0.4 0.4 0.4 0.4 0.4 0.4 0.2 0.2 0.2 0.2 0.2 0.2 0.2 0.2 0.2
 0.2 0.2 0.2 0.8 0.8 0.8 0.8 0.8 0.8 0.8 0.8 0.8 0.8 0.8 0.8 0.8 0.8 0.8
 0.8 0.8 0.8 0.8 0.8 0.8 0.8 0.8 0.8 0.8 0.8 0.8 0.8 0.8 0.8 0.8 0.8 0.8
 0.8 0.8 0.8 1.  1.  1.  1.  1.  1.  1.  1.  1.  1.  1.  1.  1.  1.  1.
 1.  1.  1.  1.  1.  1.  1.  1.  1.  0.6 0.6 0.6 0.6 0.6 0.6 0.6 0.6 0.6
 0.6 0.6 0.6 0.4 0.4 0.4 0.4 0.4 0.4 0.4 0.4 0.4 0.4 0.4 0.4 0.6 0.6 0.6
 0.6 0.6 0.6 0.6 0.6 0.6 0.6 0.6 0.6 0.2 0.2 0.2 0.2 0.2 0.2 0.2 0.2 0.2
 0.2 0.2 0.2 0.2 0.2 0.2 0.2 0.2 0.2 0.2 0.2 0.2 0.2 0.2 0.2 0.4 0.4 0.4
 0.4 0.4 0.4 0.4 0.4 0.4 0.4 0.4 0.4 0.4 0.4 0.4 0.4 0.4 0.4 0.4 0.4 0.4
 0.4 0.4 0.4 0.4 0.4 0.4 0.4 0.4 0.4 0.4 0.4 0.4 0.4 0.4 0.4 0.4 0.4 0.4
 0.4 0.4 0.4 0.4 0.4 0.4 0.4 0.4 0.4 0.4 0.4 0.4 0.4 0.4 0.4 0.4 0.4 0.4
 0.4 0.4 0.4 0.8 0.8 0.8 0.8 0.8 0.8 0.8 0.8 0.8 0.8 0.8 0.8 1.  1.  1.
 1.  1.  1.  1.  1.  1.  1.  1.  1.  0.8 0.8 0.8 0.8 0.8 0.8 0.8 0.8 0.8
 0.8 0.8 0.8 0.2 0.2 0.2 0.2 0.2 0.2 0.2 0.2 0.2 0.2 0.2 0.2 0.2 0.2 0.2
 0.2 0.2 0.2 0.2 0.2 0.2 0.2 0.2 0.2 0.2 0.2 0.2 0.2 0.2 0.2 0.2 0.2 0.2
 0.2 0.2 0.2 0.2 0.2 0.2 0.2 0.2 0.2 0.2 0.2 0.2 0.2 0.2 0.2 0.2 0.2 0.2
 0.2 0.2 0.2 0.2 0.2 0.2 0.2 0.2 0.2 0.2 0.2 0.2 0.2 0.2 0.2 0.2 0.2 0.2
 0.2 0.2 0.2 0.2 0.2 0.2 0.2 0.2 0.2 0.2 0.2 0.2 0.2 0.2 0.2 0.2 0.2 0.2
 0.2 0.2 0.2 0.2 0.2 0.2 0.2 0.2 0.2 0.2 0.2 0.2 0.2 0.2 0.2 0.2 0.2 0.2
 0.2 0.2 0.2 0.2 0.2 0.2 0.2 0.2 0.2 0.2 0.2 0.2 0.2 0.2 0.2 0.2 0.2 0.2
 0.2 0.2 0.2 0.2 0.2 0.2 0.2 0.2 0.2]"
"Generated: [0.38726866 0.3866015  0.38350514 0.3873447  0.38948697 0.3883415
 0.3853361  0.38856602 0.38849193 0.38974863 0.3913559  0.3898426
 0.38719988 0.38351667 0.38879275 0.38773152 0.388621   0.38814682
 0.38675725 0.38650534 0.38686156 0.38675392 0.38698876 0.38749787
 0.38721648 0.38825053 0.38837773 0.38706702 0.3859844  0.38645917
 0.3871119  0.38689515 0.3873558  0.3835934  0.38660654 0.38902262
 0.3879834  0.38499746 0.38843572 0.3884274  0.38969207 0.3913558
 0.38992834 0.3872224  0.38347548 0.38877144 0.38771093 0.38858783
 0.38812095 0.386766   0.386499   0.38685533 0.38674977 0.38698938
 0.38749272 0.38721237 0.38824913 0.38837737 0.3870625  0.3859773
 0.38645482 0.3871087  0.38689265 0.38772768 0.3844222  0.386741
 0.38914403 0.38797402 0.38499874 0.38846156 0.38842678 0.3896895
 0.39136147 0.38995075 0.38723156 0.38346386 0.3887637  0.38770145
 0.388573   0.3881054  0.38675937 0.38648957 0.38684782 0.3867432
 0.38698497 0.38748795 0.3872088  0.38824517 0.38837397 0.38705912
 0.3859748  0.38645333 0.38710776 0.38689187 0.3877269  0.38737562
 0.38684303 0.38945127 0.38792673 0.38493878 0.38848493 0.3883978
 0.38967535 0.39136645 0.38996556 0.38724077 0.38346112 0.38876957
 0.38769358 0.38855928 0.38808066 0.386747   0.38647527 0.38683987
 0.3867343  0.38698176 0.3874844  0.38720626 0.3882417  0.3883709
 0.3870569  0.385977   0.3864559  0.38711023 0.38689366 0.38772812
 0.3873764  0.38716742 0.38862523 0.38716763 0.38435057 0.3880224
 0.3882222  0.38954216 0.39130965 0.38994676 0.38723516 0.3834617
 0.3887697  0.3876789  0.3885356  0.38804507 0.38672528 0.3864521
 0.386825   0.386721   0.38697603 0.3874778  0.38720098 0.38823622
 0.38836616 0.38705224 0.38597602 0.3864555  0.38711077 0.3868936
 0.38772792 0.38737565 0.38716608 0.38733175 0.38646758 0.38422608
 0.3879486  0.3882014  0.38951918 0.39129248 0.38997743 0.38726744
 0.3834783  0.3887764  0.38766986 0.3885209  0.38801384 0.38670307
 0.3864292  0.38680887 0.386705   0.38696942 0.38746807 0.38719174
 0.3882285  0.38836056 0.38704595 0.38596907 0.38645047 0.38710803
 0.3868906  0.38772509 0.38737231 0.38716236 0.38732752 0.38628715
 0.38441652 0.38826352 0.38831794 0.38963652 0.39129373 0.39003828
 0.38731626 0.383507   0.38880664 0.38768855 0.3885491  0.3880247
 0.38671258 0.38643754 0.38681704 0.3867148  0.3869777  0.38746706
 0.3871945  0.38822776 0.38835922 0.38704202 0.385967   0.38644964
 0.38710785 0.38688987 0.3877241  0.38737062 0.3871599  0.38732475
 0.3862842  0.38664904 0.38874242 0.3884373  0.3897244  0.39131087
 0.39006695 0.38735694 0.38357493 0.38885498 0.38772306 0.3886012
 0.38804954 0.38672367 0.38645142 0.38682774 0.3867271  0.38698775
 0.3874631  0.38719478 0.38822395 0.38835603 0.38703573 0.38595942
 0.38644478 0.38710505 0.3868865  0.38772073 0.38736624 0.38715485
 0.38731894 0.38627815 0.38664356 0.3862416  0.3961539  0.3957461
 0.39480463 0.39534023 0.3961268  0.4015165  0.39712515 0.4031141
 0.39791963 0.3955773  0.39710027 0.39564815 0.39650992 0.3966045
 0.39765716 0.3970871  0.39694795 0.4011171  0.3971886  0.39551976
 0.39563066 0.39888805 0.39701408 0.39777014 0.3971502  0.39611596
 0.39570838 0.39574778 0.39685446 0.39665028 0.3976869  0.39704934
 0.39735782 0.39533183 0.39561677 0.39611182 0.40177304 0.39716306
 0.4031991  0.39789143 0.3956535  0.39716983 0.39568228 0.39657176
 0.396687   0.39768007 0.39711118 0.3969452  0.40112343 0.39716485
 0.39561749 0.39567742 0.39897162 0.39711916 0.39789063 0.39723772
 0.39621505 0.3958315  0.39587474 0.39696962 0.3967521  0.39776018
 0.3971063  0.40238675 0.39480075 0.3952856  0.39609173 0.40182558
 0.3971193  0.40321627 0.39780205 0.39560878 0.3971711  0.3956406
 0.39654627 0.39667472 0.397645   0.39709568 0.39693174 0.40111423
 0.39715064 0.39564124 0.39568537 0.3989929  0.39714542 0.39792123
 0.3972619  0.396243   0.39586592 0.3959098  0.3969994  0.3967802
 0.39777905 0.39712057 0.40240744 0.39505908 0.39629632 0.39624625
 0.40215364 0.39746377 0.40331957 0.39789203 0.39563218 0.3971958
 0.39565957 0.39656347 0.39669606 0.3976613  0.39710423 0.39692846
 0.4010976  0.39714125 0.39563558 0.39567798 0.3989865  0.39714244
 0.3979199  0.39726478 0.3962458  0.39587057 0.39591256 0.39699924
 0.3967823  0.39777774 0.3971189  0.40240452 0.3950531  0.40036198
 0.39665616 0.40228176 0.39756942 0.40337697 0.3979168  0.39563435
 0.39720872 0.39566675 0.39657667 0.3967058  0.39766657 0.39711207
 0.39693144 0.4011015  0.39713576 0.39564368 0.39567864 0.398987
 0.39714244 0.39791578 0.3972676  0.3962465  0.39587086 0.39591196
 0.39699736 0.39678252 0.3977762  0.39712048 0.40240118 0.39505216
 0.40035784 0.39718187 0.40345415 0.3981968  0.4039845  0.39806846
 0.39566943 0.39723745 0.39567214 0.3965672  0.3966932  0.39767203
 0.3971084  0.39692485 0.4010817  0.39711943 0.39562032 0.3956703
 0.39895138 0.39709374 0.39785942 0.3972294  0.39620274 0.3958229
 0.39585853 0.39694852 0.39674455 0.397743   0.39709666 0.40236235
 0.3950275  0.40032345 0.39715216 0.40144524 0.3993705  0.40419072
 0.3981604  0.39571527 0.39729148 0.39570773 0.39660132 0.3967233
 0.39768583 0.3971166  0.3969121  0.40105867 0.39710015 0.39561933
 0.39567113 0.39895287 0.39709556 0.3978647  0.3972434  0.39621782
 0.39584455 0.3958743  0.3969578  0.39676023 0.3977461  0.39710462
 0.40236694 0.39502352 0.4003166  0.3971484  0.40144286 0.3983859
 0.40467015 0.39830497 0.39567682 0.3972442  0.39565834 0.3965485
 0.39666927 0.39766583 0.39708117 0.39687255 0.40100065 0.3970617
 0.3955825  0.39565465 0.39889693 0.3970177  0.3977781  0.39718458
 0.39615577 0.3957795  0.39580065 0.39688545 0.39670816 0.39769563
 0.3970649  0.40230885 0.3949784  0.40025994 0.39710012 0.40140653
 0.39836377 0.40067354 0.3945916  0.3926851  0.39605927 0.39629555
 0.39537522 0.39325377 0.39889437 0.395344   0.39638716 0.39735916
 0.39199454 0.3939832  0.39622045 0.3956014  0.39609733 0.39385548
 0.39567912 0.39455107 0.3991351  0.3912857  0.39165795 0.39683485
 0.39141396 0.39189667 0.39288497 0.39477223 0.39373246 0.39577478
 0.39634916 0.39796594 0.39765927 0.3956221  0.39357555 0.3965072
 0.39640033 0.39577472 0.3930982  0.39896083 0.39521354 0.3964602
 0.39721778 0.3919128  0.3939677  0.39641255 0.39564627 0.39611927
 0.39382082 0.39568    0.39441663 0.39902616 0.39108783 0.39162752
 0.39687774 0.39139435 0.39273244]"
Accuracy: tensor(0.2540)
Average Accuracy: tensor(0.2285)
