Batch Size: 512	Seq Len: 16
Testing Category: VU	Threshold: 0.05
Training Size: 20546	Validation Size: 5137
2019-02-25 19:23:28.142648
~~ Training / Validation ~~
Epoch: 0 Average Training Accuracy: 0.31707317073170727
Average Training Loss: 11.988739723112525
Epoch: 0 Average Validation Accuracy: 0.3319057815845824
Average Validation Loss: 6.232386832887476
Epoch: 10 Average Training Accuracy: 0.3414634146341463
Average Training Loss: 6.119552189257087
Epoch: 10 Average Validation Accuracy: 0.320225812731166
Average Validation Loss: 5.964886687018654
Epoch: 20 Average Training Accuracy: 0.3902439024390244
Average Training Loss: 6.113658314797936
Epoch: 20 Average Validation Accuracy: 0.31282849912400235
Average Validation Loss: 5.944289394400337
Epoch: 30 Average Training Accuracy: 0.36585365853658536
Average Training Loss: 6.1019804114248695
Epoch: 30 Average Validation Accuracy: 0.316916488222698
Average Validation Loss: 5.947192162275314
Epoch: 40 Average Training Accuracy: 0.19512195121951215
Average Training Loss: 6.104804940339996
Epoch: 40 Average Validation Accuracy: 0.31127116994354687
Average Validation Loss: 5.951058336279609
Number of Testing Enumerations: 2050
2019-02-28 20:17:36.393219
~~ Testing ~~
Video: HT5vyqe0Xaw	Size: 583
"Ground Truth: [0.26 0.26 0.26 0.26 0.26 0.26 0.26 0.28 0.28 0.28 0.28 0.28 0.28 0.28
 0.28 0.28 0.28 0.28 0.28 0.31 0.31 0.31 0.31 0.31 0.31 0.31 0.31 0.31
 0.31 0.31 0.31 0.24 0.24 0.24 0.24 0.24 0.24 0.24 0.24 0.24 0.24 0.24
 0.24 0.31 0.31 0.31 0.31 0.31 0.31 0.31 0.31 0.31 0.31 0.31 0.31 0.27
 0.27 0.27 0.27 0.27 0.27 0.27 0.27 0.27 0.27 0.27 0.27 0.25 0.25 0.25
 0.25 0.25 0.25 0.25 0.25 0.25 0.25 0.25 0.25 0.37 0.37 0.37 0.37 0.37
 0.37 0.37 0.37 0.37 0.37 0.37 0.37 0.29 0.29 0.29 0.29 0.29 0.29 0.29
 0.29 0.29 0.29 0.29 0.29 0.42 0.42 0.42 0.42 0.42 0.42 0.42 0.42 0.42
 0.42 0.42 0.42 0.26 0.26 0.26 0.26 0.26 0.26 0.26 0.26 0.26 0.26 0.26
 0.26 0.25 0.25 0.25 0.25 0.25 0.25 0.25 0.25 0.25 0.25 0.25 0.25 0.32
 0.32 0.32 0.32 0.32 0.32 0.32 0.32 0.32 0.32 0.32 0.32 0.34 0.34 0.34
 0.34 0.34 0.34 0.34 0.34 0.34 0.34 0.34 0.34 0.34 0.34 0.34 0.34 0.34
 0.34 0.34 0.34 0.34 0.34 0.34 0.34 0.36 0.36 0.36 0.36 0.36 0.36 0.36
 0.36 0.36 0.36 0.36 0.36 0.4  0.4  0.4  0.4  0.4  0.4  0.4  0.4  0.4
 0.4  0.4  0.4  0.36 0.36 0.36 0.36 0.36 0.36 0.36 0.36 0.36 0.36 0.36
 0.36 0.51 0.51 0.51 0.51 0.51 0.51 0.51 0.51 0.51 0.51 0.51 0.51 0.39
 0.39 0.39 0.39 0.39 0.39 0.39 0.39 0.39 0.39 0.39 0.39 0.51 0.51 0.51
 0.51 0.51 0.51 0.51 0.51 0.51 0.51 0.51 0.51 0.54 0.54 0.54 0.54 0.54
 0.54 0.54 0.54 0.54 0.54 0.54 0.54 0.49 0.49 0.49 0.49 0.49 0.49 0.49
 0.49 0.49 0.49 0.49 0.49 0.52 0.52 0.52 0.52 0.52 0.52 0.52 0.52 0.52
 0.52 0.52 0.52 0.37 0.37 0.37 0.37 0.37 0.37 0.37 0.37 0.37 0.37 0.37
 0.37 0.34 0.34 0.34 0.34 0.34 0.34 0.34 0.34 0.34 0.34 0.34 0.34 0.46
 0.46 0.46 0.46 0.46 0.46 0.46 0.46 0.46 0.46 0.46 0.46 0.43 0.43 0.43
 0.43 0.43 0.43 0.43 0.43 0.43 0.43 0.43 0.43 0.53 0.53 0.53 0.53 0.53
 0.53 0.53 0.53 0.53 0.53 0.53 0.53 0.45 0.45 0.45 0.45 0.45 0.45 0.45
 0.45 0.45 0.45 0.45 0.45 0.43 0.43 0.43 0.43 0.43 0.43 0.43 0.43 0.43
 0.43 0.43 0.43 0.6  0.6  0.6  0.6  0.6  0.6  0.6  0.6  0.6  0.6  0.6
 0.6  0.61 0.61 0.61 0.61 0.61 0.61 0.61 0.61 0.61 0.61 0.61 0.61 0.42
 0.42 0.42 0.42 0.42 0.42 0.42 0.42 0.42 0.42 0.42 0.42 0.31 0.31 0.31
 0.31 0.31 0.31 0.31 0.31 0.31 0.31 0.31 0.31 0.4  0.4  0.4  0.4  0.4
 0.4  0.4  0.4  0.4  0.4  0.4  0.4  0.38 0.38 0.38 0.38 0.38 0.38 0.38
 0.38 0.38 0.38 0.38 0.38 0.39 0.39 0.39 0.39 0.39 0.39 0.39 0.39 0.39
 0.39 0.39 0.39 0.4  0.4  0.4  0.4  0.4  0.4  0.4  0.4  0.4  0.4  0.4
 0.4  0.4  0.4  0.4  0.4  0.4  0.4  0.4  0.4  0.4  0.4  0.4  0.4  0.56
 0.56 0.56 0.56 0.56 0.56 0.56 0.56 0.56 0.56 0.56 0.56 0.58 0.58 0.58
 0.58 0.58 0.58 0.58 0.58 0.58 0.58 0.58 0.58 0.25 0.25 0.25 0.25 0.25
 0.25 0.25 0.25 0.25 0.25 0.25 0.25 0.46 0.46 0.46 0.46 0.46 0.46 0.46
 0.46 0.46 0.46 0.46 0.46 0.4  0.4  0.4  0.4  0.4  0.4  0.4  0.4  0.4
 0.4  0.4  0.4  0.4  0.4  0.4  0.4  0.4  0.4  0.4  0.4  0.4  0.4  0.4
 0.4  0.37 0.37 0.37 0.37 0.37 0.37 0.37 0.37 0.37 0.37 0.37 0.37 0.38
 0.38 0.38 0.38 0.38 0.38 0.38 0.38 0.38 0.38 0.38 0.38 0.4  0.4  0.4
 0.4  0.4  0.4  0.4  0.4  0.4  0.4  0.4  0.4 ]"
"Generated: [0.39222527 0.39325783 0.38981026 0.3892666  0.38799813 0.39297402
 0.3907277  0.3920844  0.39102322 0.38764676 0.3877743  0.3883627
 0.38949463 0.38972443 0.38590604 0.3855219  0.3900959  0.38705975
 0.38722062 0.3844753  0.38978395 0.3875179  0.38959256 0.38926342
 0.38532406 0.38641182 0.38669738 0.38926223 0.38934326 0.38567406
 0.38523296 0.38987145 0.38699988 0.387284   0.38413084 0.389452
 0.38711575 0.3893211  0.38895622 0.38479996 0.386179   0.38644058
 0.38915262 0.3890182  0.38548002 0.3851273  0.38969642 0.39121905
 0.38636938 0.38290232 0.38856676 0.38654765 0.38892543 0.38873085
 0.38445848 0.38615474 0.38631058 0.389033   0.38868654 0.38536733
 0.38512683 0.38962874 0.39103118 0.3884591  0.38199687 0.38781705
 0.3858817  0.3885223  0.38841024 0.38401324 0.38595942 0.3859837
 0.388901   0.3883061  0.38523325 0.38510203 0.38955185 0.3908737
 0.38835946 0.39087445 0.38724858 0.3855663  0.3882894  0.38814402
 0.3837369  0.38573214 0.38576934 0.38883904 0.38805133 0.38515776
 0.38509372 0.38949043 0.39075258 0.3882853  0.39080852 0.38962308
 0.3859724  0.38886988 0.38839984 0.3841972  0.38598645 0.38614273
 0.3889776  0.38833874 0.3853036  0.38512656 0.38954    0.39081427
 0.38831726 0.39081603 0.3896235  0.39407164 0.3884496  0.3877857
 0.38381064 0.38570178 0.38607264 0.38903755 0.38831964 0.3853446
 0.38513485 0.38954353 0.39083177 0.3883333  0.39082822 0.38957915
 0.39405173 0.39189962 0.3883572  0.38438758 0.385977   0.3864871
 0.3893141  0.38856313 0.3856629  0.38524443 0.3897056  0.3910878
 0.38850188 0.39097363 0.38960135 0.39409965 0.39194378 0.38798976
 0.38444135 0.3863061  0.38678157 0.38948768 0.38838255 0.38571662
 0.38524798 0.38975275 0.39119175 0.38857275 0.39103508 0.38958696
 0.39410284 0.39194104 0.38801464 0.3867966  0.38654786 0.38730055
 0.38963985 0.38790953 0.38573703 0.38537696 0.38988754 0.3912808
 0.3886204  0.3910678  0.389604   0.3941024  0.39194494 0.3880243
 0.3868009  0.38566214 0.38700768 0.3895704  0.38768962 0.3858474
 0.38538045 0.3898918  0.3913058  0.38862813 0.39108515 0.38961202
 0.39410883 0.39195147 0.38803998 0.38681063 0.38567746 0.38646486
 0.38917717 0.38721827 0.38568795 0.3853681  0.38998368 0.39138383
 0.38868165 0.39108872 0.38960508 0.39409494 0.39193246 0.3880328
 0.38680518 0.38567576 0.38646388 0.38400543 0.38792735 0.38595313
 0.38568127 0.3903429  0.39170477 0.3888963  0.39116183 0.38963094
 0.39414668 0.3919933  0.38806516 0.38683528 0.38570178 0.38648188
 0.38403583 0.38604695 0.38615024 0.38592753 0.39010844 0.39190993
 0.38888633 0.3911514  0.38964    0.39422417 0.3920218  0.38805404
 0.38685432 0.38572314 0.38650906 0.3840832  0.38607746 0.38644743
 0.38617083 0.39007542 0.3920137  0.38891563 0.3911504  0.38962075
 0.39423716 0.39203477 0.3880471  0.38687    0.38574138 0.38652763
 0.38411313 0.38609636 0.38645777 0.38681158 0.3896236  0.391899
 0.38866964 0.3910068  0.38955367 0.39412233 0.39194024 0.38794157
 0.38679263 0.38569322 0.38651323 0.38408807 0.38608176 0.3864542
 0.386814   0.3861044  0.39194787 0.38851663 0.39117128 0.38962772
 0.3943052  0.39206856 0.388096   0.3869193  0.38586587 0.3866233
 0.38419756 0.38616997 0.38656127 0.38692662 0.3861827  0.38600555
 0.38833794 0.39128125 0.38968715 0.3944125  0.39218837 0.38819167
 0.3870056  0.3859696  0.3866874  0.3842766  0.38622773 0.38661063
 0.38697943 0.38621932 0.386043   0.38489828 0.3909589  0.389444
 0.39418536 0.39202985 0.3879997  0.3868311  0.38585556 0.38663608
 0.38419363 0.38618258 0.38658875 0.3869632  0.38621083 0.38602096
 0.3848926  0.3842901  0.38955534 0.3940534  0.39201456 0.38766563
 0.38651073 0.38566113 0.386584   0.38412613 0.38616648 0.38658324
 0.38697425 0.3862236  0.386018   0.3849073  0.38430613 0.3867916
 0.39420605 0.3924492  0.38812116 0.38672492 0.38584587 0.38652533
 0.38410088 0.38606912 0.3864838  0.38687798 0.38615254 0.38602474
 0.38487685 0.3842831  0.38667977 0.3863919  0.39558876 0.39035156
 0.38863423 0.38701302 0.3873266  0.3849824  0.38727808 0.38734013
 0.38758    0.38670254 0.38632384 0.3851023  0.38447043 0.38701844
 0.38648364 0.38118288 0.3910643  0.38888994 0.38703254 0.3875947
 0.38501033 0.38728333 0.38719597 0.38746592 0.3865842  0.386232
 0.38513407 0.3844769  0.3872917  0.3864521  0.38106233 0.38735244
 0.39317718 0.3890745  0.38864872 0.38596803 0.38863388 0.3880359
 0.38810012 0.38736725 0.38661063 0.38546848 0.38466343 0.3871009
 0.38631153 0.38089785 0.3872965  0.38869762 0.39074558 0.38845176
 0.38563782 0.3886606  0.38835242 0.38813215 0.38733724 0.3865812
 0.38523817 0.3845495  0.38762444 0.38654    0.3810031  0.38737324
 0.38871074 0.38691252 0.39081383 0.38686082 0.38967252 0.38927123
 0.38896492 0.38807338 0.3869667  0.38553545 0.38476458 0.38804823
 0.38680452 0.38120696 0.38745785 0.38873103 0.38692683 0.39411774
 0.39044273 0.3916308  0.3904362  0.38988993 0.3887573  0.38737878
 0.38583416 0.38497597 0.38798428 0.3870146  0.3814272  0.38755387
 0.38876444 0.38694882 0.3941375  0.39354506 0.39490944 0.39225402
 0.39113683 0.38959816 0.38787362 0.3861318  0.38514495 0.38824874
 0.3873834  0.38170004 0.38767028 0.38880306 0.3869765  0.39416084
 0.3935573  0.3908415  0.39434478 0.39225006 0.3902147  0.38816184
 0.38638726 0.3852927  0.38872764 0.387847   0.381925   0.38778424
 0.38884702 0.38700706 0.3941895  0.3935743  0.39085332 0.39273885
 0.39591244 0.392092   0.38889456 0.3866837  0.38549992 0.38910654
 0.38828304 0.38238195 0.38794753 0.3889018  0.38704813 0.39422324
 0.39359632 0.39086658 0.392747   0.39239568 0.39632618 0.39066997
 0.38820782 0.3864541  0.38950345 0.3888552  0.3826955  0.38798654
 0.38896716 0.38709483 0.39428037 0.39362732 0.39088616 0.39275965
 0.3923975  0.3923012  0.39482045 0.3929427  0.3908926  0.39190924
 0.39406115 0.39041975 0.3914935  0.39256006 0.39126813 0.3902503
 0.39177507 0.3911212  0.3890029  0.39141628 0.39524725 0.395871
 0.3929855  0.39062268 0.3926126  0.39402375 0.3908354  0.39198428
 0.39154422 0.39045164 0.39020193 0.39105222 0.3909603  0.3888316
 0.39133236 0.3951549  0.39565262 0.39288822 0.3904778  0.39253232
 0.39391804 0.39074183 0.39191565 0.39147463 0.38554636 0.3913348
 0.3929911  0.39229566 0.38983652 0.39175728 0.39521253 0.3953635
 0.39288747 0.39044994 0.3924141  0.39382544 0.39061904 0.39179614
 0.39137727 0.38552713 0.38857067 0.38944343 0.39123517 0.38927123
 0.39162913 0.39537254 0.39541176 0.39295182 0.3904482  0.3922833
 0.39379022 0.39047337 0.39166096 0.3912786  0.3856223  0.3885541
 0.39062232]"
Accuracy: 0.45626072041166377
Video: sTEELN-vY30	Size: 584
"Ground Truth: [0.57 0.57 0.57 0.57 0.57 0.57 0.57 0.57 0.58 0.58 0.58 0.58 0.58 0.58
 0.58 0.58 0.58 0.58 0.58 0.58 0.55 0.55 0.55 0.55 0.55 0.55 0.55 0.55
 0.55 0.55 0.55 0.55 0.59 0.59 0.59 0.59 0.59 0.59 0.59 0.59 0.59 0.59
 0.59 0.59 0.87 0.87 0.87 0.87 0.87 0.87 0.87 0.87 0.87 0.87 0.87 0.87
 0.8  0.8  0.8  0.8  0.8  0.8  0.8  0.8  0.8  0.8  0.8  0.8  0.38 0.38
 0.38 0.38 0.38 0.38 0.38 0.38 0.38 0.38 0.38 0.38 0.43 0.43 0.43 0.43
 0.43 0.43 0.43 0.43 0.43 0.43 0.43 0.43 0.36 0.36 0.36 0.36 0.36 0.36
 0.36 0.36 0.36 0.36 0.36 0.36 0.36 0.36 0.36 0.36 0.36 0.36 0.36 0.36
 0.36 0.36 0.36 0.36 0.45 0.45 0.45 0.45 0.45 0.45 0.45 0.45 0.45 0.45
 0.45 0.45 0.23 0.23 0.23 0.23 0.23 0.23 0.23 0.23 0.23 0.23 0.23 0.23
 0.24 0.24 0.24 0.24 0.24 0.24 0.24 0.24 0.24 0.24 0.24 0.24 0.25 0.25
 0.25 0.25 0.25 0.25 0.25 0.25 0.25 0.25 0.25 0.25 0.28 0.28 0.28 0.28
 0.28 0.28 0.28 0.28 0.28 0.28 0.28 0.28 0.23 0.23 0.23 0.23 0.23 0.23
 0.23 0.23 0.23 0.23 0.23 0.23 0.26 0.26 0.26 0.26 0.26 0.26 0.26 0.26
 0.26 0.26 0.26 0.26 0.3  0.3  0.3  0.3  0.3  0.3  0.3  0.3  0.3  0.3
 0.3  0.3  0.32 0.32 0.32 0.32 0.32 0.32 0.32 0.32 0.32 0.32 0.32 0.32
 0.33 0.33 0.33 0.33 0.33 0.33 0.33 0.33 0.33 0.33 0.33 0.33 0.3  0.3
 0.3  0.3  0.3  0.3  0.3  0.3  0.3  0.3  0.3  0.3  0.52 0.52 0.52 0.52
 0.52 0.52 0.52 0.52 0.52 0.52 0.52 0.52 0.49 0.49 0.49 0.49 0.49 0.49
 0.49 0.49 0.49 0.49 0.49 0.49 0.5  0.5  0.5  0.5  0.5  0.5  0.5  0.5
 0.5  0.5  0.5  0.5  0.36 0.36 0.36 0.36 0.36 0.36 0.36 0.36 0.36 0.36
 0.36 0.36 0.25 0.25 0.25 0.25 0.25 0.25 0.25 0.25 0.25 0.25 0.25 0.25
 0.42 0.42 0.42 0.42 0.42 0.42 0.42 0.42 0.42 0.42 0.42 0.42 0.45 0.45
 0.45 0.45 0.45 0.45 0.45 0.45 0.45 0.45 0.45 0.45 0.31 0.31 0.31 0.31
 0.31 0.31 0.31 0.31 0.31 0.31 0.31 0.31 0.3  0.3  0.3  0.3  0.3  0.3
 0.3  0.3  0.3  0.3  0.3  0.3  0.3  0.3  0.3  0.3  0.3  0.3  0.3  0.3
 0.3  0.3  0.3  0.3  0.27 0.27 0.27 0.27 0.27 0.27 0.27 0.27 0.27 0.27
 0.27 0.27 0.55 0.55 0.55 0.55 0.55 0.55 0.55 0.55 0.55 0.55 0.55 0.55
 0.6  0.6  0.6  0.6  0.6  0.6  0.6  0.6  0.6  0.6  0.6  0.6  0.69 0.69
 0.69 0.69 0.69 0.69 0.69 0.69 0.69 0.69 0.69 0.69 0.58 0.58 0.58 0.58
 0.58 0.58 0.58 0.58 0.58 0.58 0.58 0.58 0.46 0.46 0.46 0.46 0.46 0.46
 0.46 0.46 0.46 0.46 0.46 0.46 0.51 0.51 0.51 0.51 0.51 0.51 0.51 0.51
 0.51 0.51 0.51 0.51 0.52 0.52 0.52 0.52 0.52 0.52 0.52 0.52 0.52 0.52
 0.52 0.52 0.31 0.31 0.31 0.31 0.31 0.31 0.31 0.31 0.31 0.31 0.31 0.31
 0.31 0.31 0.31 0.31 0.31 0.31 0.31 0.31 0.31 0.31 0.31 0.31 0.29 0.29
 0.29 0.29 0.29 0.29 0.29 0.29 0.29 0.29 0.29 0.29 0.26 0.26 0.26 0.26
 0.26 0.26 0.26 0.26 0.26 0.26 0.26 0.26 0.26 0.26 0.26 0.26 0.26 0.26
 0.26 0.26 0.26 0.26 0.26 0.26 0.24 0.24 0.24 0.24 0.24 0.24 0.24 0.24
 0.24 0.24 0.24 0.24 0.25 0.25 0.25 0.25 0.25 0.25 0.25 0.25 0.25 0.25
 0.25 0.25 0.31 0.31 0.31 0.31 0.31 0.31 0.31 0.31 0.31 0.31 0.31 0.31
 0.3  0.3  0.3  0.3  0.3  0.3  0.3  0.3  0.3  0.3  0.3  0.3  0.3  0.3
 0.3  0.3  0.3  0.3  0.3  0.3  0.3  0.3  0.3  0.3 ]"
"Generated: [0.39820227 0.39460698 0.39735788 0.3900521  0.3895023  0.39153567
 0.39553812 0.3993926  0.39563394 0.39719677 0.3946638  0.39210588
 0.38836572 0.38630316 0.387079   0.3920157  0.3908884  0.39587158
 0.38912475 0.38874108 0.39107004 0.39529347 0.39923206 0.39553803
 0.3970838  0.39456832 0.3920585  0.38836327 0.38630974 0.38707775
 0.3919958  0.39059317 0.3938509  0.38937184 0.38830107 0.3905367
 0.39513943 0.39925942 0.3954273  0.39702553 0.39448005 0.39203286
 0.38834083 0.38631392 0.38707897 0.39200136 0.39059386 0.389761
 0.38738048 0.3870471  0.389851   0.39489865 0.39922363 0.39539656
 0.39705762 0.39448684 0.39201123 0.38843244 0.38632795 0.38708535
 0.39208418 0.3906121  0.38975942 0.38551304 0.38415492 0.38821188
 0.39443788 0.3991036  0.39521062 0.39704806 0.3945007  0.39200363
 0.38854122 0.3863083  0.38709384 0.39215562 0.39062232 0.38975376
 0.385509   0.3868666  0.38875368 0.3947072  0.3988423  0.39490736
 0.39669824 0.39437038 0.39198047 0.38855314 0.386294   0.38709748
 0.3922736  0.39063504 0.3897388  0.3855052  0.3868672  0.38919926
 0.39445597 0.39837557 0.39462727 0.39653307 0.3943318  0.39197463
 0.38853645 0.3861736  0.38711008 0.39235237 0.39063096 0.3897206
 0.38550314 0.38686463 0.38919652 0.3869125  0.39839005 0.3943157
 0.3964529  0.39436027 0.39202258 0.38852394 0.38616335 0.3871548
 0.39237988 0.3906186  0.3897062  0.38551354 0.38687068 0.38919988
 0.38691428 0.38529065 0.39330512 0.39610595 0.39374524 0.39161885
 0.38815117 0.3859995  0.3871593  0.39233527 0.39060092 0.3897056
 0.38551787 0.38686237 0.38919628 0.3869075  0.3852805  0.3894902
 0.39451653 0.3918272  0.39097875 0.3876167  0.38583317 0.38723138
 0.3925101  0.39061585 0.38970846 0.38555208 0.38690448 0.3892159
 0.38691574 0.38527685 0.38949022 0.39359048 0.38850436 0.39085522
 0.38748273 0.38610014 0.38768667 0.39275005 0.39069036 0.38987005
 0.38571972 0.38685274 0.38925675 0.386878   0.38528824 0.38946888
 0.3935791  0.39836055 0.39098564 0.38917357 0.38713047 0.38815588
 0.3933577  0.39108786 0.39004466 0.38569823 0.3869212  0.38924608
 0.38690075 0.38529152 0.38948038 0.39357844 0.39836127 0.39845464
 0.38851985 0.38748914 0.38838607 0.39355755 0.39118022 0.39020476
 0.38579893 0.3868858  0.38926393 0.38687745 0.3853029  0.3894675
 0.39357185 0.39835337 0.3984653  0.39678845 0.3911651  0.3881968
 0.39354107 0.39119598 0.3901543  0.38565898 0.38674355 0.38918757
 0.3869351  0.38534963 0.3895064  0.39358395 0.39832136 0.398456
 0.396755   0.39330178 0.39003408 0.3934208  0.3916556  0.39036736
 0.3856187  0.38646644 0.3891075  0.38695905 0.38544542 0.38954946
 0.39361092 0.39831176 0.39846703 0.39674613 0.39329493 0.3917366
 0.3940468  0.39232558 0.3902856  0.38479125 0.38532302 0.3888389
 0.38659674 0.38566238 0.38956994 0.39360207 0.3983277  0.3985062
 0.39674756 0.39330664 0.39175928 0.39583215 0.39608416 0.39159298
 0.38579422 0.38617176 0.38949925 0.38721782 0.38629764 0.39011997
 0.39384198 0.39841467 0.39853767 0.39679605 0.3933243  0.39174354
 0.39585972 0.40077052 0.392533   0.38602185 0.38749364 0.39004305
 0.38769135 0.38641807 0.3903763  0.39390764 0.39846948 0.39849383
 0.39681038 0.3933555  0.39172304 0.39591622 0.40081504 0.39920145
 0.39083517 0.38923237 0.39129993 0.38840365 0.3867704  0.39072138
 0.3940013  0.398557   0.3985455  0.39687788 0.39341637 0.39170882
 0.3959462  0.40086806 0.39921564 0.40428826 0.39597133 0.39494848
 0.38993755 0.3878138  0.3914257  0.3942133  0.3987464  0.398657
 0.39703432 0.3935707  0.39172223 0.39600915 0.40095696 0.39923218
 0.40427518 0.40385562 0.39825493 0.39164206 0.3896317  0.3928431
 0.39473835 0.3989638  0.39873517 0.39715207 0.39369452 0.3917208
 0.3960648  0.4009943  0.39922768 0.4042554  0.4038419  0.40074348
 0.39444953 0.3909401  0.3943514  0.39562562 0.39920917 0.39877322
 0.3973172  0.3938699  0.39170462 0.396136   0.4010676  0.39923427
 0.404227   0.4038208  0.40071714 0.4012131  0.39504272 0.39773074
 0.3974291  0.3998306  0.39912197 0.3978409  0.3942232  0.39169818
 0.39658692 0.40125975 0.39918956 0.40409678 0.40371418 0.4006
 0.4010685  0.40351367 0.40116528 0.4003778  0.40122068 0.39987975
 0.39867747 0.3950179  0.3919045  0.39779806 0.40160203 0.3991022
 0.40388885 0.40354094 0.40041474 0.40084383 0.40331745 0.40000904
 0.39819574 0.40180904 0.40089878 0.39902562 0.3954195  0.39230216
 0.39845932 0.40184954 0.39919364 0.40401155 0.40363735 0.40051353
 0.40098554 0.4034215  0.4001226  0.39939424 0.40192682 0.40172318
 0.40071997 0.3980634  0.3953023  0.4018314  0.40255347 0.39935926
 0.40416953 0.40373692 0.40060428 0.40110976 0.40351987 0.4002835
 0.39947572 0.39473805 0.4015262  0.4012539  0.3993172  0.39884767
 0.4034393  0.403054   0.39936495 0.40423527 0.403815   0.40079358
 0.40137675 0.40378127 0.40057135 0.3995814  0.39476344 0.39572698
 0.39961228 0.39868408 0.39871636 0.40326148 0.40287355 0.3991653
 0.40407634 0.40367433 0.40069225 0.40127602 0.4036954  0.4006021
 0.39952084 0.394714   0.39561522 0.3950252  0.4006965  0.40054396
 0.40395567 0.40315384 0.39927602 0.4041941  0.40358403 0.40057716
 0.40114573 0.40349105 0.4003605  0.3994173  0.39470157 0.39561146
 0.39502054 0.39676955 0.40244335 0.4046975  0.4034673  0.39943203
 0.40464175 0.40364063 0.40069377 0.40121177 0.40349168 0.4003328
 0.39940977 0.39469934 0.395611   0.3950211  0.3967697  0.396863
 0.404166   0.40355775 0.39976415 0.40528348 0.4040005  0.40101045
 0.40146807 0.4036117  0.40000612 0.39930183 0.3946763  0.39560375
 0.39501932 0.39676803 0.39686215 0.39856026 0.4044077  0.3991649
 0.40522018 0.40383542 0.40102395 0.401667   0.40379816 0.40017703
 0.39936838 0.39469287 0.395607   0.39501262 0.39675978 0.39685965
 0.39856058 0.39792502 0.39911538 0.39638978 0.3939775  0.39554465
 0.400535   0.39871827 0.3973526  0.39324105 0.3980223  0.39474478
 0.39563218 0.39604056 0.39882162 0.3955183  0.40043578 0.40105656
 0.39715803 0.39448625 0.39636722 0.40018702 0.3987969  0.39833915
 0.39290065 0.3919759  0.3928615  0.39463618 0.39564607 0.39859056
 0.39559552 0.40035027 0.40090254 0.3970223  0.3948771  0.39668617
 0.39976546 0.39869142 0.39866528 0.39286098 0.3919453  0.39524397
 0.39396867 0.39545804 0.3985065  0.3957063  0.4003148  0.40082315
 0.39698556 0.39526784 0.39686018 0.39958477 0.3986251  0.39900386
 0.39286038 0.39194173 0.39522278 0.39545715 0.39472845 0.3990974
 0.39573732 0.40024388 0.4007905  0.397033   0.39560625 0.39692146
 0.39951333 0.39857626 0.3992785  0.39286587 0.39194238 0.3952064
 0.39544302 0.39373678]"
Accuracy: 0.125
Video: vdmoEJ5YbrQ	Size: 583
"Ground Truth: [0.4  0.4  0.4  0.4  0.4  0.4  0.4  0.4  0.31 0.31 0.31 0.31 0.31 0.31
 0.31 0.31 0.31 0.31 0.31 0.31 0.3  0.3  0.3  0.3  0.3  0.3  0.3  0.3
 0.3  0.3  0.3  0.3  0.33 0.33 0.33 0.33 0.33 0.33 0.33 0.33 0.33 0.33
 0.33 0.33 0.34 0.34 0.34 0.34 0.34 0.34 0.34 0.34 0.34 0.34 0.34 0.34
 0.31 0.31 0.31 0.31 0.31 0.31 0.31 0.31 0.31 0.31 0.31 0.31 0.37 0.37
 0.37 0.37 0.37 0.37 0.37 0.37 0.37 0.37 0.37 0.37 0.36 0.36 0.36 0.36
 0.36 0.36 0.36 0.36 0.36 0.36 0.36 0.36 0.3  0.3  0.3  0.3  0.3  0.3
 0.3  0.3  0.3  0.3  0.3  0.3  0.31 0.31 0.31 0.31 0.31 0.31 0.31 0.31
 0.31 0.31 0.31 0.31 0.32 0.32 0.32 0.32 0.32 0.32 0.32 0.32 0.32 0.32
 0.32 0.32 0.35 0.35 0.35 0.35 0.35 0.35 0.35 0.35 0.35 0.35 0.35 0.35
 0.42 0.42 0.42 0.42 0.42 0.42 0.42 0.42 0.42 0.42 0.42 0.42 0.33 0.33
 0.33 0.33 0.33 0.33 0.33 0.33 0.33 0.33 0.33 0.33 0.31 0.31 0.31 0.31
 0.31 0.31 0.31 0.31 0.31 0.31 0.31 0.53 0.53 0.53 0.53 0.53 0.53 0.53
 0.53 0.53 0.53 0.53 0.53 0.42 0.42 0.42 0.42 0.42 0.42 0.42 0.42 0.42
 0.42 0.42 0.42 0.3  0.3  0.3  0.3  0.3  0.3  0.3  0.3  0.3  0.3  0.3
 0.3  0.35 0.35 0.35 0.35 0.35 0.35 0.35 0.35 0.35 0.35 0.35 0.35 0.32
 0.32 0.32 0.32 0.32 0.32 0.32 0.32 0.32 0.32 0.32 0.32 0.33 0.33 0.33
 0.33 0.33 0.33 0.33 0.33 0.33 0.33 0.33 0.33 0.41 0.41 0.41 0.41 0.41
 0.41 0.41 0.41 0.41 0.41 0.41 0.41 0.34 0.34 0.34 0.34 0.34 0.34 0.34
 0.34 0.34 0.34 0.34 0.34 0.33 0.33 0.33 0.33 0.33 0.33 0.33 0.33 0.33
 0.33 0.33 0.33 0.33 0.33 0.33 0.33 0.33 0.33 0.33 0.33 0.33 0.33 0.33
 0.33 0.37 0.37 0.37 0.37 0.37 0.37 0.37 0.37 0.37 0.37 0.37 0.37 0.35
 0.35 0.35 0.35 0.35 0.35 0.35 0.35 0.35 0.35 0.35 0.35 0.37 0.37 0.37
 0.37 0.37 0.37 0.37 0.37 0.37 0.37 0.37 0.37 0.37 0.37 0.37 0.37 0.37
 0.37 0.37 0.37 0.37 0.37 0.37 0.37 0.41 0.41 0.41 0.41 0.41 0.41 0.41
 0.41 0.41 0.41 0.41 0.41 0.35 0.35 0.35 0.35 0.35 0.35 0.35 0.35 0.35
 0.35 0.35 0.35 0.53 0.53 0.53 0.53 0.53 0.53 0.53 0.53 0.53 0.53 0.53
 0.53 0.37 0.37 0.37 0.37 0.37 0.37 0.37 0.37 0.37 0.37 0.37 0.37 0.34
 0.34 0.34 0.34 0.34 0.34 0.34 0.34 0.34 0.34 0.34 0.34 0.37 0.37 0.37
 0.37 0.37 0.37 0.37 0.37 0.37 0.37 0.37 0.37 0.38 0.38 0.38 0.38 0.38
 0.38 0.38 0.38 0.38 0.38 0.38 0.38 0.4  0.4  0.4  0.4  0.4  0.4  0.4
 0.4  0.4  0.4  0.4  0.4  0.43 0.43 0.43 0.43 0.43 0.43 0.43 0.43 0.43
 0.43 0.43 0.43 0.38 0.38 0.38 0.38 0.38 0.38 0.38 0.38 0.38 0.38 0.38
 0.38 0.4  0.4  0.4  0.4  0.4  0.4  0.4  0.4  0.4  0.4  0.4  0.4  0.4
 0.4  0.4  0.4  0.4  0.4  0.4  0.4  0.4  0.4  0.4  0.4  0.54 0.54 0.54
 0.54 0.54 0.54 0.54 0.54 0.54 0.54 0.54 0.54 0.45 0.45 0.45 0.45 0.45
 0.45 0.45 0.45 0.45 0.45 0.45 0.45 0.45 0.45 0.45 0.45 0.45 0.45 0.45
 0.45 0.45 0.45 0.45 0.45 0.42 0.42 0.42 0.42 0.42 0.42 0.42 0.42 0.42
 0.42 0.42 0.42 0.43 0.43 0.43 0.43 0.43 0.43 0.43 0.43 0.43 0.43 0.43
 0.43 0.43 0.43 0.43 0.43 0.43 0.43 0.43 0.43 0.43 0.43 0.43 0.43 0.5
 0.5  0.5  0.5  0.5  0.5  0.5  0.5  0.5  0.5  0.5  0.5  0.41 0.41 0.41
 0.41 0.41 0.41 0.41 0.41 0.41 0.41 0.41 0.41]"
"Generated: [0.38940638 0.3836158  0.38756552 0.3804823  0.38992703 0.39198038
 0.39254326 0.39145002 0.39174795 0.3841468  0.38873112 0.3920627
 0.38904476 0.38836256 0.39185578 0.38979065 0.38160205 0.38826934
 0.3805439  0.38933107 0.39138526 0.39253068 0.39095977 0.391115
 0.38405952 0.3886866  0.39203057 0.3889836  0.38836512 0.39186615
 0.39002672 0.39027825 0.38737637 0.37976995 0.3894747  0.3917824
 0.3927426  0.3909146  0.390893   0.38401487 0.38867226 0.3920224
 0.38895956 0.38836017 0.391838   0.38981575 0.3902684  0.38810015
 0.37859958 0.3884845  0.39012665 0.39186904 0.3909036  0.39091823
 0.38399777 0.38863656 0.39205837 0.38901573 0.38839832 0.3918598
 0.39001405 0.3902782  0.38810897 0.39123175 0.39173424 0.3907405
 0.3916128  0.391286   0.39051408 0.3840198  0.38871628 0.39217502
 0.38899454 0.38842493 0.39188093 0.39004827 0.39028472 0.38811553
 0.3912314  0.3937651  0.39063308 0.3916222  0.39129525 0.39029434
 0.38396108 0.38864484 0.39229107 0.38908577 0.38847795 0.39190865
 0.39008734 0.39029333 0.3881249  0.39123538 0.3937753  0.39822292
 0.390819   0.3906991  0.38875246 0.3836787  0.388434   0.3922176
 0.38909972 0.38846833 0.39191163 0.39015576 0.39029333 0.38812724
 0.39123496 0.39377767 0.39823055 0.39383194 0.38957617 0.3905076
 0.3846691  0.38881898 0.3924258  0.38915846 0.38846058 0.3918848
 0.39026582 0.3902815  0.3881095  0.3912287  0.39378467 0.39825386
 0.39388317 0.39519215 0.3924098  0.38629088 0.38980135 0.39272577
 0.38925785 0.3885205  0.39187595 0.3901097  0.3902497  0.38807365
 0.39124423 0.3937899  0.39826757 0.3939562  0.39519602 0.3863731
 0.38687757 0.38893533 0.39273384 0.38910106 0.38850585 0.39188042
 0.39016324 0.3902482  0.3880475  0.39123407 0.39379135 0.39829156
 0.39398718 0.3951973  0.3863783  0.39063963 0.39086658 0.3933959
 0.38876292 0.38855267 0.39180273 0.39013693 0.39013627 0.3878854
 0.39124438 0.3937898  0.3983311  0.39400116 0.39519328 0.38638228
 0.39064357 0.39285812 0.3936667  0.3870254  0.3881034  0.39134294
 0.3897485  0.3898531  0.38752052 0.39122334 0.3937999  0.39834458
 0.39400262 0.39519447 0.3863901  0.39065632 0.39286366 0.3949892
 0.3867096  0.3892632  0.3931824  0.38977876 0.39060596 0.3881601
 0.39125976 0.39372644 0.3981996  0.39398798 0.39517167 0.386353
 0.39059088 0.39282396 0.3949358  0.39390495 0.39265662 0.39401746
 0.3908308  0.39105332 0.38856164 0.39138508 0.39368188 0.39821842
 0.39402705 0.39518225 0.3863368  0.39051422 0.39277753 0.39488333
 0.39385718 0.3926059  0.39361316 0.39248028 0.39148363 0.3886057
 0.3915244  0.39357907 0.39830002 0.39402997 0.39518926 0.386328
 0.3905012  0.39276907 0.39487565 0.3938389  0.3925957  0.39227104
 0.39295498 0.3909997  0.38867155 0.39126337 0.3933271  0.3978063
 0.39398423 0.39513656 0.38616967 0.39032292 0.39268157 0.39477497
 0.3937553  0.3925509  0.39226517 0.39028084 0.38947666 0.38751245
 0.39176413 0.39333224 0.39710078 0.3938768  0.39503342 0.38597646
 0.3900107  0.39254257 0.39462757 0.39365023 0.39256653 0.39237314
 0.3902726  0.38564518 0.38874128 0.3928138  0.39313796 0.39677322
 0.3937989  0.39496163 0.38587338 0.3896602  0.3923934  0.39450234
 0.39354277 0.3925341  0.39240175 0.39024436 0.38565382 0.38215938
 0.39423352 0.39295822 0.39645675 0.39372554 0.39477697 0.3854818
 0.3887193  0.39200974 0.394216   0.3933245  0.39242578 0.39238033
 0.39018297 0.38564032 0.38215682 0.38615802 0.3908146  0.39525995
 0.393319   0.3946533  0.3855443  0.38885793 0.39201882 0.39426115
 0.3933612  0.39243832 0.3923776  0.39015895 0.38557974 0.38215545
 0.38616064 0.38458282 0.39553934 0.39317015 0.39458913 0.38516897
 0.38842252 0.39195073 0.3942829  0.3933642  0.39243987 0.39239508
 0.39013812 0.38554677 0.3821672  0.38615838 0.38457978 0.39052856
 0.39273176 0.3942358  0.38567004 0.38975853 0.39244583 0.3946422
 0.3936244  0.39259893 0.39241403 0.3902275  0.3855801  0.3821993
 0.38619363 0.38460022 0.390538   0.38754934 0.3930615  0.3849727
 0.38860962 0.39210975 0.39436358 0.39334154 0.39248174 0.3924149
 0.39015597 0.38566864 0.3821694  0.38616166 0.3845838  0.3905417
 0.38755    0.38872084 0.3849272  0.38844645 0.39208746 0.39441612
 0.39338648 0.39257592 0.3927904  0.39019224 0.3857176  0.38218367
 0.38616678 0.3845843  0.39055547 0.38755715 0.38873076 0.3866932
 0.39264584 0.39216885 0.39511243 0.39342862 0.39242998 0.39250466
 0.3901401  0.38574725 0.3821883  0.3861742  0.38458818 0.39055997
 0.38755888 0.3887328  0.38668478 0.39187455 0.3942745  0.39593095
 0.3934814  0.39282003 0.39288822 0.39029023 0.38586628 0.3822122
 0.38620493 0.38460898 0.3906154  0.3875732  0.38874334 0.38668704
 0.39186653 0.38703254 0.3946552  0.39272335 0.39284953 0.39323157
 0.39028674 0.38588062 0.3821154  0.38623622 0.3846245  0.39067933
 0.38758603 0.38874915 0.3866811  0.3918364  0.38661462 0.3906666
 0.39237577 0.3929513  0.39303145 0.39018503 0.385761   0.38184193
 0.3862105  0.38460177 0.39056492 0.38753983 0.38870075 0.38664836
 0.391784   0.38615346 0.39045903 0.39919606 0.39143327 0.39193097
 0.39021656 0.38563824 0.38172004 0.38609305 0.38452494 0.39024898
 0.3873952  0.38848582 0.38658255 0.39174595 0.38594076 0.3902333
 0.3991154  0.3905906  0.39045644 0.3900536  0.38556787 0.38184056
 0.3861027  0.38458616 0.3902194  0.38737065 0.38843086 0.38656396
 0.39174193 0.38607088 0.39025384 0.39916185 0.39059088 0.3948692
 0.39323795 0.38580754 0.38146347 0.3867449  0.3849993  0.39059973
 0.38748357 0.38857785 0.38659745 0.39169618 0.38538152 0.39012107
 0.39894792 0.3905898  0.3948879  0.39359045 0.3851684  0.3814048
 0.38667122 0.38489947 0.39051536 0.3875091  0.3887485  0.3866276
 0.3916583  0.38494885 0.39012825 0.39884087 0.3905968  0.3949183
 0.39360347 0.39024383 0.38757038 0.39296705 0.38783762 0.3862699
 0.39275205 0.3936687  0.39136845 0.39247638 0.39256865 0.38879204
 0.38655114 0.38377804 0.38931662 0.39305705 0.38274297 0.38787708
 0.3940353  0.38758257 0.3861182  0.3930189  0.39365757 0.39124182
 0.39302135 0.39196745 0.38923126 0.38687623 0.383834   0.38960904
 0.39323163 0.3825232  0.38796124 0.39401242 0.3875928  0.38611978
 0.3930256  0.39365485 0.39124086 0.39302    0.40101212 0.38785863
 0.38555312 0.38317454 0.38918146 0.3933068  0.3824398  0.3878978
 0.39398214 0.38758495 0.3861204  0.39303207 0.39365646 0.39124086
 0.393018   0.40101188 0.39567956 0.38676888 0.38451818 0.3897648
 0.3938459  0.3827727  0.38769475 0.39400384 0.3875631  0.386114
 0.3930134  0.39365995 0.39126635 0.3930213  0.40101898 0.39568764
 0.3953668 ]"
Accuracy: 0.5540308747855918
Video: xwqBXPGE9pQ	Size: 572
"Ground Truth: [0.48 0.48 0.48 0.48 0.48 0.41 0.41 0.41 0.41 0.41 0.41 0.41 0.41 0.41
 0.41 0.41 0.41 0.41 0.41 0.41 0.41 0.41 0.41 0.41 0.41 0.41 0.41 0.41
 0.41 0.45 0.45 0.45 0.45 0.45 0.45 0.45 0.45 0.45 0.45 0.45 0.45 0.47
 0.47 0.47 0.47 0.47 0.47 0.47 0.47 0.47 0.47 0.47 0.47 0.33 0.33 0.33
 0.33 0.33 0.33 0.33 0.33 0.33 0.33 0.33 0.33 0.35 0.35 0.35 0.35 0.35
 0.35 0.35 0.35 0.35 0.35 0.35 0.35 0.31 0.31 0.31 0.31 0.31 0.31 0.31
 0.31 0.31 0.31 0.31 0.31 0.35 0.35 0.35 0.35 0.35 0.35 0.35 0.35 0.35
 0.35 0.35 0.35 0.63 0.63 0.63 0.63 0.63 0.63 0.63 0.63 0.63 0.63 0.63
 0.63 0.42 0.42 0.42 0.42 0.42 0.42 0.42 0.42 0.42 0.42 0.42 0.42 0.39
 0.39 0.39 0.39 0.39 0.39 0.39 0.39 0.39 0.39 0.39 0.39 0.42 0.42 0.42
 0.42 0.42 0.42 0.42 0.42 0.42 0.42 0.42 0.42 0.47 0.47 0.47 0.47 0.47
 0.47 0.47 0.47 0.47 0.47 0.47 0.47 0.66 0.66 0.66 0.66 0.66 0.66 0.66
 0.66 0.66 0.66 0.66 0.66 0.64 0.64 0.64 0.64 0.64 0.64 0.64 0.64 0.64
 0.64 0.64 0.64 0.25 0.25 0.25 0.25 0.25 0.25 0.25 0.25 0.25 0.25 0.25
 0.25 0.22 0.22 0.22 0.22 0.22 0.22 0.22 0.22 0.22 0.22 0.22 0.22 0.23
 0.23 0.23 0.23 0.23 0.23 0.23 0.23 0.23 0.23 0.23 0.23 0.22 0.22 0.22
 0.22 0.22 0.22 0.22 0.22 0.22 0.22 0.22 0.22 0.38 0.38 0.38 0.38 0.38
 0.38 0.38 0.38 0.38 0.38 0.38 0.38 0.43 0.43 0.43 0.43 0.43 0.43 0.43
 0.43 0.43 0.43 0.43 0.43 0.39 0.39 0.39 0.39 0.39 0.39 0.39 0.39 0.39
 0.39 0.39 0.39 0.36 0.36 0.36 0.36 0.36 0.36 0.36 0.36 0.36 0.36 0.36
 0.36 0.42 0.42 0.42 0.42 0.42 0.42 0.42 0.42 0.42 0.42 0.42 0.42 0.42
 0.42 0.42 0.42 0.44 0.44 0.44 0.44 0.44 0.44 0.44 0.44 0.44 0.44 0.44
 0.44 0.42 0.42 0.42 0.42 0.42 0.42 0.42 0.42 0.42 0.42 0.42 0.42 0.57
 0.57 0.57 0.57 0.57 0.57 0.57 0.57 0.57 0.57 0.57 0.57 0.57 0.57 0.57
 0.57 0.57 0.57 0.57 0.57 0.57 0.57 0.57 0.57 0.37 0.37 0.37 0.37 0.37
 0.37 0.37 0.37 0.37 0.37 0.37 0.21 0.21 0.21 0.21 0.21 0.21 0.21 0.21
 0.21 0.21 0.21 0.21 0.24 0.24 0.24 0.24 0.24 0.24 0.24 0.24 0.24 0.24
 0.24 0.24 0.47 0.47 0.47 0.47 0.47 0.47 0.47 0.47 0.47 0.47 0.47 0.47
 0.5  0.5  0.5  0.5  0.5  0.5  0.5  0.5  0.5  0.5  0.5  0.5  0.59 0.59
 0.59 0.59 0.59 0.59 0.59 0.59 0.59 0.59 0.59 0.59 0.49 0.49 0.49 0.49
 0.49 0.49 0.49 0.49 0.49 0.49 0.49 0.49 0.5  0.5  0.5  0.5  0.5  0.5
 0.5  0.5  0.5  0.5  0.5  0.5  0.5  0.5  0.5  0.5  0.5  0.5  0.5  0.5
 0.5  0.5  0.5  0.55 0.55 0.55 0.55 0.55 0.55 0.55 0.55 0.55 0.55 0.55
 0.55 0.5  0.5  0.5  0.5  0.5  0.5  0.5  0.5  0.5  0.5  0.5  0.5  0.53
 0.53 0.53 0.53 0.53 0.53 0.53 0.53 0.53 0.53 0.53 0.53 0.51 0.51 0.51
 0.51 0.51 0.51 0.51 0.51 0.51 0.51 0.51 0.51 0.49 0.49 0.49 0.49 0.49
 0.49 0.49 0.49 0.49 0.49 0.49 0.49 0.34 0.34 0.34 0.34 0.34 0.34 0.34
 0.34 0.34 0.34 0.34 0.34 0.34 0.34 0.34 0.34 0.34 0.34 0.34 0.34 0.34
 0.34 0.34 0.34 0.3  0.3  0.3  0.3  0.3  0.3  0.3  0.3  0.3  0.3  0.3
 0.3  0.3  0.3  0.3  0.3  0.3  0.3  0.3  0.3  0.3  0.3  0.3  0.3  0.35
 0.35 0.35 0.35 0.35 0.35 0.35 0.35 0.35 0.35 0.35 0.35 0.33]"
"Generated: [0.39237273 0.3909094  0.39072537 0.3898921  0.3871984  0.3853567
 0.38966614 0.3877791  0.38380665 0.38875067 0.39402643 0.39131057
 0.3865917  0.38278347 0.38533142 0.3915267  0.38994393 0.3898847
 0.38879    0.38675508 0.38507485 0.38907507 0.38729492 0.38342777
 0.38846263 0.39403796 0.39133438 0.38665155 0.38283888 0.3854286
 0.3915835  0.39790547 0.39085418 0.38937908 0.38716245 0.3856023
 0.38966525 0.38827425 0.38440356 0.38907897 0.39465868 0.3917063
 0.38698968 0.3830752  0.38570163 0.39189097 0.39817438 0.39642286
 0.39025167 0.38780728 0.38596272 0.3901181  0.38894635 0.38485968
 0.38944957 0.39499632 0.3918608  0.38712534 0.38314727 0.38578403
 0.3920191  0.39827847 0.3964408  0.39540425 0.38886154 0.3869696
 0.39106324 0.38944885 0.3857506  0.3901716  0.39563859 0.39221013
 0.3874212  0.38328522 0.38597253 0.39229855 0.3984977  0.39648795
 0.3953905  0.3947254  0.3887352  0.3924992  0.3905901  0.3881287
 0.3900317  0.39541027 0.39197958 0.3871871  0.38309282 0.38573194
 0.39209414 0.39833277 0.39634168 0.39529473 0.394706   0.39250848
 0.39359373 0.3906785  0.3896364  0.38980752 0.39515427 0.39177728
 0.38701066 0.38296553 0.38558385 0.39195475 0.39823726 0.39629456
 0.39527354 0.3946897  0.39249784 0.3945179  0.3913086  0.39012724
 0.38889283 0.3944118  0.3913029  0.38660437 0.3827293  0.38531113
 0.3916294  0.39797917 0.39621213 0.39526597 0.394671   0.39248028
 0.3945048  0.39175588 0.39250576 0.3888796  0.39445397 0.39124328
 0.38655895 0.38274708 0.3852452  0.3915997  0.397971   0.39621428
 0.39527327 0.3946527  0.39247102 0.3945     0.39176884 0.39033085
 0.38894412 0.39461502 0.39108753 0.3866477  0.38292262 0.38539445
 0.39181075 0.39814252 0.39634916 0.39529943 0.39463186 0.39245462
 0.3945017  0.3917835  0.39033985 0.3908286  0.39489302 0.39151707
 0.3870912  0.38324746 0.38580415 0.3922923  0.39855793 0.3966005
 0.39538056 0.39464748 0.3924667  0.39451176 0.39178985 0.39033863
 0.39083117 0.39231294 0.39251226 0.38873857 0.3841672  0.3865946
 0.39270046 0.39885285 0.39694974 0.39547765 0.39465782 0.39245403
 0.3945234  0.39178443 0.390329   0.39082834 0.3923126  0.38749024
 0.39033052 0.38482907 0.38675365 0.39283448 0.39872873 0.39676404
 0.3953472  0.3945828  0.39233884 0.39450225 0.391772   0.3903145
 0.3908212  0.39230788 0.38748133 0.39461136 0.38662666 0.3879721
 0.39295313 0.3989033  0.3973091  0.39542982 0.39455318 0.39227346
 0.3944711  0.39174294 0.39028692 0.3907941  0.39229244 0.38745746
 0.39460093 0.39337113 0.3899023  0.39455512 0.3994192  0.39736164
 0.39556524 0.39467794 0.39247864 0.3944884  0.39174128 0.39026746
 0.39077625 0.39228773 0.38745934 0.39460218 0.39337674 0.39719793
 0.39508528 0.39990228 0.3981642  0.39539713 0.39491916 0.39292103
 0.3946302  0.39183143 0.39031142 0.390837   0.39234114 0.38757363
 0.3946392  0.39339387 0.3972076  0.3981169  0.40114823 0.3992411
 0.39573142 0.39519954 0.3932174  0.39473617 0.3919267  0.39035127
 0.39089778 0.3923793  0.38762355 0.39464936 0.393433   0.39722708
 0.39812204 0.39658743 0.39887893 0.39562345 0.39526019 0.39341527
 0.39478776 0.39196745 0.39038745 0.39091006 0.39239076 0.38764828
 0.3946668  0.3934569  0.39722052 0.3981078  0.39657646 0.39234883
 0.39478672 0.39463025 0.39326277 0.39466858 0.39189017 0.39017886
 0.39075652 0.39227268 0.38747045 0.3945459  0.39347202 0.3972247
 0.39808908 0.39654613 0.39232853 0.38650215 0.39393127 0.39292112
 0.39439306 0.39168507 0.38975725 0.3904649  0.39205953 0.3871725
 0.39434767 0.39346775 0.39720705 0.39806464 0.39652738 0.3923296
 0.38648477 0.38530165 0.38941702 0.3935938  0.39151758 0.38939324
 0.39018163 0.39175922 0.3867267  0.39401594 0.3934206  0.39717984
 0.39804056 0.39650705 0.3923214  0.38646394 0.38529077 0.38640577
 0.3928398  0.3913677  0.38910902 0.38995314 0.39150852 0.38637593
 0.39374375 0.3933597  0.39715576 0.39803937 0.39650097 0.39232177
 0.386454   0.38528466 0.38640454 0.3892292  0.39140296 0.38904518
 0.38995132 0.391247   0.38605002 0.39348215 0.39333314 0.397168
 0.3980576  0.39651275 0.39233106 0.38645828 0.38528585 0.38640597
 0.38922873 0.3889038  0.38877696 0.39008188 0.39107293 0.38593715
 0.39338282 0.39337745 0.39720172 0.3980419  0.39654022 0.3923387
 0.38645995 0.38527447 0.38640428 0.38922283 0.38889924 0.38889822
 0.39087993 0.3912851  0.38587686 0.3932245  0.39346176 0.39727512
 0.39816284 0.39665923 0.39242196 0.38648897 0.38525274 0.3864129
 0.38922343 0.38890263 0.38884386 0.38957334 0.3899205  0.38469264
 0.3917571  0.39298555 0.39679056 0.39774242 0.39644387 0.3923829
 0.38634494 0.38512582 0.3863864  0.38922215 0.38890502 0.38877472
 0.3894289  0.3913824  0.38404018 0.39114827 0.3925599  0.39589033
 0.39685124 0.3959162  0.3922797  0.3861352  0.3849537  0.38634107
 0.38922226 0.38891962 0.38872507 0.3893044  0.39131933 0.38860086
 0.39144045 0.39266944 0.3956501  0.39643922 0.3958759  0.39237028
 0.38618454 0.38497117 0.38642704 0.3893217  0.38901445 0.3888023
 0.38931668 0.39136413 0.38866702 0.38743058 0.3920402  0.39522144
 0.39594334 0.39570558 0.3923288  0.38617086 0.384823   0.3863481
 0.38923293 0.38895917 0.38874894 0.3892367  0.3912387  0.38857967
 0.38734993 0.3887374  0.3937117  0.3953855  0.3954143  0.39196584
 0.38601568 0.3844187  0.38610706 0.38911623 0.38886157 0.3886839
 0.38918063 0.39117563 0.3885089  0.38726768 0.38865787 0.38869396
 0.39293647 0.39483622 0.39087304 0.38521427 0.3828944  0.3853755
 0.38887927 0.38859782 0.38846356 0.3889943  0.39106548 0.3883186
 0.38704693 0.3882665  0.38842967 0.3888497  0.39508298 0.39155838
 0.38647    0.38427275 0.3864803  0.38995552 0.38969764 0.3895588
 0.38991445 0.39231163 0.38949454 0.38819447 0.389182   0.38957348
 0.38833237 0.385788   0.39062873 0.39112076 0.39045423 0.38958246
 0.3893209  0.3887493  0.3894479  0.38762707 0.38845214 0.3882494
 0.39050046 0.388609   0.38985804 0.3900094  0.3902924  0.3896406
 0.38986796 0.38927895 0.38862538 0.38856274 0.38813773 0.38879433
 0.38696405 0.3877678  0.38763747 0.38988405 0.3879984  0.386914
 0.38948917 0.38982874 0.38916555 0.38940257 0.38882926 0.388171
 0.38811323 0.38772053 0.38835436 0.38651547 0.38732824 0.38721046
 0.38946033 0.3875616  0.3864786  0.38899946 0.3894252  0.3887943
 0.38904744 0.38848796 0.38781008 0.3877519  0.3873836  0.38799962
 0.38614795 0.3869767  0.38687015 0.3891233  0.38721046 0.3861362
 0.38866413 0.3881029 ]"
Accuracy: 0.36888111888111885
Video: akI8YFjEmUw	Size: 584
"Ground Truth: [0.25 0.25 0.25 0.25 0.25 0.25 0.25 0.25 0.24 0.24 0.24 0.24 0.24 0.24
 0.24 0.24 0.24 0.24 0.24 0.24 0.39 0.39 0.39 0.39 0.39 0.39 0.39 0.39
 0.39 0.39 0.39 0.39 0.35 0.35 0.35 0.35 0.35 0.35 0.35 0.35 0.35 0.35
 0.35 0.35 0.31 0.31 0.31 0.31 0.31 0.31 0.31 0.31 0.31 0.31 0.31 0.31
 0.34 0.34 0.34 0.34 0.34 0.34 0.34 0.34 0.34 0.34 0.34 0.34 0.3  0.3
 0.3  0.3  0.3  0.3  0.3  0.3  0.3  0.3  0.3  0.3  0.32 0.32 0.32 0.32
 0.32 0.32 0.32 0.32 0.32 0.32 0.32 0.32 0.33 0.33 0.33 0.33 0.33 0.33
 0.33 0.33 0.33 0.33 0.33 0.33 0.34 0.34 0.34 0.34 0.34 0.34 0.34 0.34
 0.34 0.34 0.34 0.34 0.32 0.32 0.32 0.32 0.32 0.32 0.32 0.32 0.32 0.32
 0.32 0.32 0.33 0.33 0.33 0.33 0.33 0.33 0.33 0.33 0.33 0.33 0.33 0.33
 0.47 0.47 0.47 0.47 0.47 0.47 0.47 0.47 0.47 0.47 0.47 0.47 0.47 0.47
 0.47 0.47 0.47 0.47 0.47 0.47 0.47 0.47 0.47 0.47 0.37 0.37 0.37 0.37
 0.37 0.37 0.37 0.37 0.37 0.37 0.37 0.37 0.54 0.54 0.54 0.54 0.54 0.54
 0.54 0.54 0.54 0.54 0.54 0.54 0.54 0.54 0.54 0.54 0.54 0.54 0.54 0.54
 0.54 0.54 0.54 0.53 0.53 0.53 0.53 0.53 0.53 0.53 0.53 0.53 0.53 0.53
 0.53 0.54 0.54 0.54 0.54 0.54 0.54 0.54 0.54 0.54 0.54 0.54 0.54 0.39
 0.39 0.39 0.39 0.39 0.39 0.39 0.39 0.39 0.39 0.39 0.39 0.42 0.42 0.42
 0.42 0.42 0.42 0.42 0.42 0.42 0.42 0.42 0.42 0.51 0.51 0.51 0.51 0.51
 0.51 0.51 0.51 0.51 0.51 0.51 0.51 0.38 0.38 0.38 0.38 0.38 0.38 0.38
 0.38 0.38 0.38 0.38 0.38 0.41 0.41 0.41 0.41 0.41 0.41 0.41 0.41 0.41
 0.41 0.41 0.41 0.4  0.4  0.4  0.4  0.4  0.4  0.4  0.4  0.4  0.4  0.4
 0.4  0.42 0.42 0.42 0.42 0.42 0.42 0.42 0.42 0.42 0.42 0.42 0.42 0.44
 0.44 0.44 0.44 0.44 0.44 0.44 0.44 0.44 0.44 0.44 0.44 0.43 0.43 0.43
 0.43 0.43 0.43 0.43 0.43 0.43 0.43 0.43 0.43 0.47 0.47 0.47 0.47 0.47
 0.47 0.47 0.47 0.47 0.47 0.47 0.47 0.43 0.43 0.43 0.43 0.43 0.43 0.43
 0.43 0.43 0.43 0.43 0.43 0.45 0.45 0.45 0.45 0.45 0.45 0.45 0.45 0.45
 0.45 0.45 0.45 0.38 0.38 0.38 0.38 0.38 0.38 0.38 0.38 0.38 0.38 0.38
 0.38 0.53 0.53 0.53 0.53 0.53 0.53 0.53 0.53 0.53 0.53 0.53 0.53 0.48
 0.48 0.48 0.48 0.48 0.48 0.48 0.48 0.48 0.48 0.48 0.48 0.45 0.45 0.45
 0.45 0.45 0.45 0.45 0.45 0.45 0.45 0.45 0.45 0.46 0.46 0.46 0.46 0.46
 0.46 0.46 0.46 0.46 0.46 0.46 0.46 0.41 0.41 0.41 0.41 0.41 0.41 0.41
 0.41 0.41 0.41 0.41 0.41 0.49 0.49 0.49 0.49 0.49 0.49 0.49 0.49 0.49
 0.49 0.49 0.49 0.43 0.43 0.43 0.43 0.43 0.43 0.43 0.43 0.43 0.43 0.43
 0.43 0.45 0.45 0.45 0.45 0.45 0.45 0.45 0.45 0.45 0.45 0.45 0.45 0.34
 0.34 0.34 0.34 0.34 0.34 0.34 0.34 0.34 0.34 0.34 0.34 0.32 0.32 0.32
 0.32 0.32 0.32 0.32 0.32 0.32 0.32 0.32 0.32 0.44 0.44 0.44 0.44 0.44
 0.44 0.44 0.44 0.44 0.44 0.44 0.44 0.3  0.3  0.3  0.3  0.3  0.3  0.3
 0.3  0.3  0.3  0.3  0.3  0.3  0.3  0.3  0.3  0.3  0.3  0.3  0.3  0.3
 0.3  0.3  0.3  0.31 0.31 0.31 0.31 0.31 0.31 0.31 0.31 0.31 0.31 0.31
 0.31 0.34 0.34 0.34 0.34 0.34 0.34 0.34 0.34 0.34 0.34 0.34 0.34 0.31
 0.31 0.31 0.31 0.31 0.31 0.31 0.31 0.31 0.31 0.31 0.31 0.33 0.33 0.33
 0.33 0.33 0.33 0.33 0.33 0.33 0.33 0.33 0.33 0.31]"
"Generated: [0.3963796  0.394595   0.39608124 0.3941562  0.3962345  0.39516467
 0.39564905 0.39454335 0.39620158 0.39519808 0.39646897 0.39434052
 0.39734417 0.39535218 0.3977884  0.38556436 0.39376336 0.39579
 0.39398578 0.39614198 0.3950278  0.39557695 0.39447156 0.39603472
 0.3951491  0.39637727 0.39429066 0.3973134  0.39533025 0.39777294
 0.38556194 0.39181498 0.39482296 0.39381212 0.3958428  0.39491975
 0.39557856 0.3944595  0.3958264  0.3951419  0.39627397 0.39427012
 0.39731792 0.39534047 0.39778724 0.3855753  0.39183256 0.39272198
 0.39333394 0.39560476 0.3957588  0.39606547 0.39470446 0.39582783
 0.39526904 0.396336   0.3943304  0.39736947 0.3953911  0.3978484
 0.38559267 0.39188313 0.39275053 0.39470685 0.39459828 0.39568955
 0.39586547 0.39444283 0.39562953 0.39496896 0.3961036  0.39402643
 0.39712706 0.39522308 0.39773026 0.3856066  0.39187735 0.39274377
 0.39470097 0.3949616  0.39603823 0.39591017 0.39425132 0.39534336
 0.39462522 0.39576933 0.39366186 0.39674604 0.39489034 0.39742377
 0.38555512 0.3916912  0.39262992 0.39461437 0.39488152 0.38948295
 0.39692718 0.39515978 0.39545366 0.3947291  0.39563456 0.3934887
 0.39638647 0.39450034 0.39702436 0.38545182 0.39135838 0.3924049
 0.39444685 0.39474213 0.38947472 0.38889283 0.3952634  0.39561546
 0.39479738 0.39568383 0.39340815 0.39615375 0.39423773 0.3967546
 0.38540357 0.39113033 0.3922103  0.39438564 0.39464867 0.38946903
 0.38889882 0.39011258 0.3942667  0.3942777  0.39521623 0.3930882
 0.3960059  0.39412567 0.39665294 0.38539633 0.39105064 0.39210817
 0.39430282 0.39458993 0.38945282 0.3888992  0.39010742 0.3946546
 0.39441413 0.39574057 0.39313957 0.39600572 0.3940892  0.39667034
 0.3854107  0.3910495  0.39210078 0.39430586 0.3945932  0.38943264
 0.3888936  0.3901012  0.39465126 0.38982245 0.39444262 0.39294192
 0.39582065 0.3938925  0.3964996  0.38544497 0.39101976 0.39203623
 0.394253   0.39456618 0.38940972 0.38889685 0.39010057 0.39464986
 0.38982093 0.39038977 0.39307496 0.39603165 0.39389586 0.39647093
 0.38582742 0.39134082 0.3921323  0.3944573  0.39487532 0.38943198
 0.38900143 0.3901554  0.394665   0.38984513 0.39041495 0.38468453
 0.394711   0.39363843 0.3964082  0.38651502 0.3920986  0.39261183
 0.39508763 0.3956097  0.38968208 0.38929498 0.390374   0.3947837
 0.39003727 0.39063025 0.38489267 0.3817418  0.39263994 0.39604464
 0.3871846  0.3931951  0.39361736 0.39615706 0.3966335  0.3902531
 0.38975203 0.39078012 0.39504796 0.39047846 0.39114535 0.3853888
 0.3822157  0.3861139  0.3948607  0.38766757 0.39395875 0.39404982
 0.39660746 0.3971617  0.3904887  0.38989764 0.39088023 0.3951344
 0.39061385 0.39131665 0.38555965 0.38238683 0.38632828 0.38595447
 0.38989487 0.39585862 0.39493933 0.39569813 0.39661166 0.39029384
 0.38900954 0.3902217  0.3951288  0.39053616 0.3914053  0.38570255
 0.38254043 0.38663715 0.38618454 0.3895774  0.39656338 0.3953747
 0.39587167 0.39681908 0.39045206 0.38903823 0.39051607 0.395273
 0.39077568 0.39155743 0.38583735 0.38267562 0.38678947 0.38630876
 0.38973063 0.3906372  0.39392173 0.39491725 0.39572167 0.3877158
 0.38758257 0.3883505  0.3946879  0.3882733  0.3888546  0.3830894
 0.3804576  0.38439244 0.38445175 0.38749987 0.39044818 0.38953465
 0.39341006 0.39370257 0.38712284 0.3869674  0.3879021  0.39432222
 0.38754132 0.38791338 0.3819242  0.37979144 0.383726   0.38396007
 0.38688436 0.3903924  0.38965413 0.38867873 0.3937073  0.38728946
 0.38718045 0.3882553  0.39415625 0.38710526 0.38710764 0.38078818
 0.3793208  0.38335648 0.38369638 0.38654965 0.3902817  0.38967362
 0.38869315 0.38893104 0.38665926 0.38680923 0.38774905 0.39370736
 0.38624206 0.38601267 0.37962997 0.37870333 0.38284895 0.3831173
 0.38606945 0.38999665 0.3894322  0.388472   0.38876346 0.38443547
 0.3864268  0.38642293 0.39288226 0.38507295 0.38504213 0.37875316
 0.37859067 0.3829531  0.38276517 0.38601765 0.3895303  0.38902274
 0.38811237 0.3885102  0.38426316 0.3908533  0.38607    0.39223948
 0.38451722 0.38452002 0.37833878 0.37879747 0.38317996 0.3826308
 0.38595632 0.38905862 0.38873127 0.38787943 0.38834897 0.38414592
 0.39019984 0.3889229  0.39163238 0.38332045 0.38370374 0.37782723
 0.37878862 0.38313642 0.3824195  0.38578194 0.38851294 0.38836145
 0.3876136  0.388186   0.38406008 0.38977912 0.38856086 0.38912258
 0.38278034 0.3832636  0.37750027 0.37868005 0.38302377 0.38239226
 0.3857374  0.38823107 0.38823092 0.38754123 0.3881472  0.38405114
 0.38973683 0.3885238  0.3891011  0.3875891  0.38351414 0.37751046
 0.37888473 0.3831234  0.38254443 0.3857518  0.3882695  0.38819718
 0.38751534 0.38812983 0.38405114 0.3897579  0.38854453 0.38910615
 0.38758618 0.38749442 0.3799598  0.3795607  0.38316917 0.38257843
 0.38565773 0.3879257  0.38799798 0.3873883  0.38804978 0.384051
 0.38980687 0.3885894  0.3891144  0.38757208 0.38750467 0.38616318
 0.39062667 0.38936713 0.3841432  0.38591236 0.3876039  0.38787562
 0.38732496 0.38801643 0.384059   0.38983512 0.38861996 0.3891103
 0.3875568  0.3874988  0.38617402 0.3906994  0.39650723 0.39462876
 0.3931126  0.3876637  0.38803312 0.38742048 0.38805306 0.3840959
 0.38985252 0.38863188 0.3891039  0.38755128 0.3875068  0.38618135
 0.3906959  0.38394067 0.3964611  0.39893076 0.38759595 0.38806468
 0.3874228  0.3880352  0.3840728  0.3898331  0.38861898 0.3890844
 0.38754117 0.38749963 0.38618007 0.3906859  0.3839421  0.38710588
 0.39877817 0.38730437 0.3881501  0.3874814  0.38807693 0.3840413
 0.3898095  0.38860103 0.3890744  0.38754812 0.38748494 0.38616863
 0.39067024 0.3839367  0.387094   0.3887216  0.3874103  0.38820606
 0.38730705 0.3880333  0.38406464 0.38958204 0.38846532 0.38890472
 0.38730407 0.38741985 0.38610452 0.39041534 0.3838399  0.3869923
 0.38859737 0.39020833 0.39305308 0.395546   0.39583734 0.39548016
 0.39571157 0.3955832  0.39577612 0.39623138 0.39479393 0.39606464
 0.395068   0.39651194 0.3950299  0.39502966 0.39602327 0.39658698
 0.3971762  0.39685372 0.39654514 0.39683825 0.39669332 0.3966713
 0.39680836 0.39694715 0.39648983 0.39526865 0.39672825 0.39527383
 0.39529753 0.39624852 0.39677984 0.39729097 0.3969689  0.39667445
 0.39695588 0.39682016 0.3967781  0.39689    0.39699584 0.39628756
 0.3953772  0.3966803  0.395312   0.39539826 0.39627174 0.39679462
 0.39729336 0.39700443 0.39672303 0.3970055  0.39688    0.39682937
 0.39692813 0.3970174  0.39630184 0.39734423 0.39680994 0.395395
 0.39549854 0.39628363 0.3967912  0.39729235 0.3970244  0.39675286
 0.3970513  0.39694938 0.39688766 0.3969687  0.39703703 0.3963121
 0.397352   0.3957776 ]"
Accuracy: 0.3133561643835616
Average Accuracy: 0.3635057756923872
