Batch Size: 256	Seq Len: 64
Testing Category: MS	Threshold: 0.1
Training Size: 18809	Validation Size: 4703
2019-03-19 14:20:31.715487
~~ Training / Validation ~~
Epoch: 0 Average Training Accuracy: tensor(0.6012)
Average Training Loss: 3.2663173466115385
Epoch: 0 Average Validation Accuracy: tensor(0.6245)
Average Validation Loss: 3.081914337057816
Epoch: 10 Average Training Accuracy: tensor(0.6086)
Average Training Loss: 3.1445196673676774
Epoch: 10 Average Validation Accuracy: tensor(0.6198)
Average Validation Loss: 3.088963762709969
Epoch: 20 Average Training Accuracy: tensor(0.6109)
Average Training Loss: 3.1406444311141968
Epoch: 20 Average Validation Accuracy: tensor(0.6285)
Average Validation Loss: 3.078324267738744
Epoch: 30 Average Training Accuracy: tensor(0.6125)
Average Training Loss: 3.1362971292959676
Epoch: 30 Average Validation Accuracy: tensor(0.6194)
Average Validation Loss: 3.0865017363899634
Epoch: 40 Average Training Accuracy: tensor(0.6082)
Average Training Loss: 3.13627330838023
Epoch: 40 Average Validation Accuracy: tensor(0.6266)
Average Validation Loss: 3.0890940114071497
Epoch: 49 Average Training Accuracy: tensor(0.6101)
Average Training Loss: 3.137036648956505
Epoch: 49 Average Validation Accuracy: tensor(0.6196)
Average Validation Loss: 3.078394795718946
Number of Testing Enumerations: 3700
2019-03-21 17:55:47.200099
~~ Testing ~~
Video: WG0MBPpPC6I	Size: 535
"Ground Truth: [0.32 0.32 0.31 0.31 0.31 0.31 0.31 0.31 0.31 0.31 0.31 0.31 0.37 0.37
 0.37 0.37 0.37 0.37 0.37 0.37 0.37 0.42 0.42 0.42 0.42 0.42 0.42 0.42
 0.42 0.42 0.42 0.31 0.31 0.31 0.31 0.31 0.31 0.31 0.31 0.31 0.31 0.41
 0.41 0.41 0.41 0.41 0.41 0.41 0.41 0.41 0.34 0.34 0.34 0.34 0.34 0.34
 0.34 0.34 0.34 0.34 0.4  0.4  0.4  0.4  0.4  0.4  0.4  0.4  0.4  0.46
 0.46 0.46 0.46 0.46 0.46 0.46 0.46 0.46 0.46 0.28 0.28 0.28 0.28 0.28
 0.28 0.28 0.28 0.28 0.28 0.47 0.47 0.47 0.47 0.47 0.47 0.47 0.47 0.47
 0.36 0.36 0.36 0.36 0.36 0.36 0.36 0.36 0.36 0.36 0.39 0.39 0.39 0.39
 0.39 0.39 0.39 0.39 0.39 0.3  0.3  0.3  0.3  0.3  0.3  0.3  0.3  0.3
 0.3  0.25 0.25 0.25 0.25 0.25 0.25 0.25 0.25 0.25 0.4  0.4  0.4  0.4
 0.4  0.4  0.4  0.4  0.4  0.4  0.4  0.4  0.4  0.4  0.4  0.4  0.4  0.4
 0.4  0.4  0.29 0.29 0.29 0.29 0.29 0.29 0.29 0.29 0.29 0.32 0.32 0.32
 0.32 0.32 0.32 0.32 0.32 0.32 0.32 0.34 0.34 0.34 0.34 0.34 0.34 0.34
 0.34 0.34 0.58 0.58 0.58 0.58 0.58 0.58 0.58 0.58 0.58 0.58 0.38 0.38
 0.38 0.38 0.38 0.38 0.38 0.38 0.38 0.38 0.28 0.28 0.28 0.28 0.28 0.28
 0.28 0.28 0.28 0.39 0.39 0.39 0.39 0.39 0.39 0.39 0.39 0.39 0.39 0.41
 0.41 0.41 0.41 0.41 0.41 0.41 0.41 0.41 0.43 0.43 0.43 0.43 0.43 0.43
 0.43 0.43 0.43 0.43 0.29 0.29 0.29 0.29 0.29 0.29 0.29 0.29 0.29 0.29
 0.3  0.3  0.3  0.3  0.3  0.3  0.3  0.3  0.3  0.47 0.47 0.47 0.47 0.47
 0.47 0.47 0.47 0.47 0.47 0.43 0.43 0.43 0.43 0.43 0.43 0.43 0.43 0.43
 0.31 0.31 0.31 0.31 0.31 0.31 0.31 0.31 0.31 0.31 0.29 0.29 0.29 0.29
 0.29 0.29 0.29 0.29 0.29 0.29 0.27 0.27 0.27 0.27 0.27 0.27 0.27 0.27
 0.27 0.4  0.4  0.4  0.4  0.4  0.4  0.4  0.4  0.4  0.4  0.41 0.41 0.41
 0.41 0.41 0.41 0.41 0.41 0.41 0.47 0.47 0.47 0.47 0.47 0.47 0.47 0.47
 0.47 0.47 0.47 0.47 0.47 0.47 0.47 0.47 0.47 0.47 0.47 0.39 0.39 0.39
 0.39 0.39 0.39 0.39 0.39 0.39 0.39 0.3  0.3  0.3  0.3  0.3  0.3  0.3
 0.3  0.3  0.3  0.31 0.31 0.31 0.31 0.31 0.31 0.31 0.31 0.31 0.27 0.27
 0.27 0.27 0.27 0.27 0.27 0.27 0.27 0.27 0.32 0.32 0.32 0.32 0.32 0.32
 0.32 0.32 0.32 0.36 0.36 0.36 0.36 0.36 0.36 0.36 0.36 0.36 0.36 0.29
 0.29 0.29 0.29 0.29 0.29 0.29 0.29 0.29 0.29 0.35 0.35 0.35 0.35 0.35
 0.35 0.35 0.35 0.35 0.27 0.27 0.27 0.27 0.27 0.27 0.27 0.27 0.27 0.27
 0.5  0.5  0.5  0.5  0.5  0.5  0.5  0.5  0.5  0.52 0.52 0.52 0.52 0.52
 0.52 0.52 0.52 0.52 0.52 0.29 0.29 0.29 0.29 0.29 0.29 0.29 0.29 0.29
 0.29 0.28 0.28 0.28 0.28 0.28 0.28 0.28 0.28 0.28 0.33 0.33 0.33 0.33
 0.33 0.33 0.33 0.33 0.33 0.33 0.34 0.34 0.34 0.34 0.34 0.34 0.34 0.34
 0.34 0.39 0.39 0.39 0.39 0.39 0.39 0.39 0.39 0.39 0.39 0.41 0.41 0.41
 0.41 0.41 0.41 0.41 0.41 0.41 0.41 0.43 0.43 0.43 0.43 0.43 0.43 0.43
 0.43 0.43 0.5  0.5  0.5  0.5  0.5  0.5  0.5  0.5  0.5  0.5  0.47 0.47
 0.47 0.47 0.47]"
"Generated: [0.39879605 0.3998683  0.39611694 0.39616984 0.39692956 0.3979322
 0.39688906 0.39941004 0.39651597 0.399044   0.4005529  0.40066776
 0.40188313 0.40129396 0.40106842 0.40186703 0.40104517 0.40148062
 0.40118983 0.40061015 0.4006782  0.400696   0.40017265 0.39995494
 0.3993614  0.39834255 0.39729705 0.39662468 0.39726838 0.39652234
 0.3955624  0.39474794 0.39355496 0.3949545  0.39711678 0.4006409
 0.4007454  0.4047941  0.4061987  0.40553033 0.40596557 0.40688175
 0.40482667 0.40248775 0.40332234 0.40518245 0.40440723 0.4029908
 0.40448502 0.4045155  0.40482378 0.40425545 0.40188715 0.4013179
 0.4006171  0.40047082 0.40142912 0.40328056 0.40234137 0.4022516
 0.40075824 0.4007058  0.4011823  0.4013722  0.40174678 0.39623994
 0.3962121  0.39640224 0.39619154 0.39585292 0.39812508 0.39542323
 0.3984837  0.40003344 0.40098655 0.40242597 0.40233085 0.40241987
 0.4029944  0.40186563 0.4019832  0.40146482 0.40069616 0.40066072
 0.40072858 0.4002225  0.400055   0.3994195  0.39834931 0.3972357
 0.39659452 0.397125   0.39644507 0.39560646 0.39495674 0.39382714
 0.3952548  0.3973341  0.40082586 0.40085655 0.40488416 0.40616986
 0.40533775 0.4059053  0.40687993 0.40480414 0.40246582 0.40330482
 0.4051576  0.40439102 0.40296757 0.40449736 0.40452403 0.40482715
 0.40419075 0.4016817  0.4009696  0.4003533  0.4002686  0.4012644
 0.4031594  0.40227583 0.4022228  0.40074283 0.4006901  0.4011655
 0.4013513  0.40142697 0.3984388  0.39875108 0.3981397  0.39715132
 0.3965117  0.39868256 0.39573094 0.39861533 0.40033382 0.40145904
 0.40285355 0.40263867 0.4027357  0.4032196  0.40200517 0.40198013
 0.40142205 0.40058428 0.40050268 0.40066537 0.4002203  0.40011594
 0.39949518 0.39840612 0.3973085  0.39675733 0.39725378 0.39658272
 0.39585823 0.3952058  0.39403358 0.3954304  0.3974545  0.40091407
 0.40090752 0.4049215  0.40619975 0.40535203 0.40592384 0.40689632
 0.4047869  0.402453   0.40330032 0.4051547  0.40439576 0.40298045
 0.40452975 0.40455297 0.4048418  0.4041342  0.40155625 0.40084678
 0.4002762  0.40022048 0.40123373 0.40314093 0.40227017 0.40222463
 0.40074793 0.4006945  0.40116894 0.4013535  0.40142596 0.40044853
 0.3990396  0.39826545 0.39640415 0.39612943 0.3979094  0.39503753
 0.39831755 0.40057862 0.40175748 0.40283945 0.40224358 0.40237734
 0.40300497 0.4016401  0.40159377 0.40121204 0.40035453 0.40018448
 0.40034735 0.3999434  0.39992782 0.39929518 0.39829546 0.3971517
 0.39661488 0.3971324  0.39664719 0.39599845 0.39533836 0.39412534
 0.39550033 0.3974933  0.4009407  0.40091375 0.404926   0.40619907
 0.40534562 0.40592244 0.4068921  0.40476158 0.4024333  0.40328753
 0.40514648 0.40439367 0.40298477 0.4045546  0.40457922 0.40485272
 0.40405077 0.4014202  0.400734   0.40020242 0.40017083 0.40119573
 0.40310746 0.4022457  0.40220675 0.4007301  0.4006737  0.40114686
 0.4013279  0.40139857 0.40042263 0.39992625 0.3961685  0.39465827
 0.3944882  0.39401263 0.39443353 0.39291036 0.3933717  0.39374182
 0.3948454  0.3960846  0.39792833 0.39867938 0.3998778  0.40068728
 0.40008646 0.39966485 0.39916813 0.40145507 0.39958566 0.40268424
 0.40285647 0.4038703  0.4023458  0.39888647 0.39896291 0.39819467
 0.3978379  0.39700434 0.3969235  0.39765483 0.3988634  0.39726597
 0.39598593 0.39649394 0.39723527 0.39864913 0.39834145 0.39713997
 0.39716348 0.3970624  0.39737976 0.39812505 0.3996087  0.39982733
 0.40029982 0.40160215 0.40251857 0.40265286 0.4022368  0.40316665
 0.40362757 0.40440142 0.40583414 0.40553766 0.40366215 0.40130436
 0.40015116 0.39922476 0.39716163 0.39687657 0.39770076 0.3998308
 0.3999354  0.4006703  0.3979833  0.39679524 0.39463538 0.3938788
 0.39252436 0.39324987 0.39400405 0.39565852 0.3972181  0.39899322
 0.39964363 0.4007444  0.40153125 0.40074885 0.4001919  0.3997387
 0.4020282  0.40016317 0.4031293  0.40342462 0.40458694 0.40333113
 0.39941704 0.3994465  0.39881584 0.3983934  0.39772406 0.3975918
 0.39818794 0.39935133 0.39803    0.3968415  0.39748448 0.3982415
 0.3995477  0.39914238 0.39770275 0.3975427  0.39736035 0.3975997
 0.39831775 0.39978698 0.39999634 0.4004569  0.40170377 0.40258697
 0.4026906  0.40228194 0.40320995 0.4036838  0.40446866 0.40591183
 0.4056005  0.40372223 0.40134254 0.4002721  0.39933354 0.39721346
 0.39694995 0.39776993 0.3998582  0.39995775 0.40067646 0.40129173
 0.39855447 0.3959351  0.3944226  0.39274096 0.39314812 0.39351827
 0.39517355 0.39682525 0.3987857  0.3994796  0.4006102  0.4014739
 0.40062127 0.39999816 0.39948535 0.40176696 0.39982566 0.40273812
 0.4030619  0.40418774 0.40313813 0.39929968 0.39940798 0.39881516
 0.39842156 0.39776456 0.39762196 0.398212   0.3993988  0.3981113
 0.3969477  0.3975927  0.39835426 0.3996843  0.3993333  0.39788452
 0.39767307 0.39744246 0.39765355 0.39833468 0.39979252 0.40001696
 0.40048513 0.40173164 0.40261263 0.402717   0.40230453 0.40323085
 0.40370363 0.40448368 0.4059199  0.4055982  0.40371156 0.40133247
 0.40027776 0.39934087 0.39721188 0.39696372 0.3977844  0.39986226
 0.39995658 0.40067497 0.40128788 0.4017716  0.3983212  0.39594665
 0.39393115 0.39381266 0.39391822 0.3955336  0.3970605  0.39892647
 0.39947686 0.40058237 0.40147167 0.4006079  0.40000957 0.3995402
 0.40156832 0.39937994 0.40207306 0.40233797 0.40332615 0.40239838
 0.39867285 0.39893183 0.39847144 0.39820567 0.39760703 0.39749485
 0.39812008 0.3993381  0.39808977 0.39693967 0.3976061  0.39836
 0.3996901  0.3993182  0.39786315 0.397651   0.39741987 0.3976388
 0.39830264 0.39977556 0.40001515 0.4004944  0.4017436  0.40262437
 0.40272883 0.4023121  0.40323946 0.40371242 0.40449014 0.40592346
 0.40559924 0.40371117 0.40133187 0.40031153 0.39937583 0.39722422
 0.39699796 0.3978173  0.39987248 0.39996162 0.40067542 0.40128586
 0.40176928 0.4014872  0.40048996 0.40088537 0.40063497 0.40147272
 0.4030651  0.404817   0.40481862 0.4057949  0.40927172 0.40745172
 0.40738407 0.4045411  0.40632036 0.40838808 0.4076125  0.40825593
 0.40752918 0.407865   0.40793246 0.4065211  0.405773   0.40805915
 0.40857482]"
Accuracy: tensor(0.7084)
Video: Hl-__g2gn_A	Size: 535
"Ground Truth: [0.34 0.34 0.33 0.33 0.33 0.33 0.33 0.33 0.33 0.33 0.33 0.34 0.34 0.34
 0.34 0.34 0.34 0.34 0.34 0.34 0.34 0.32 0.32 0.32 0.32 0.32 0.32 0.32
 0.32 0.32 0.28 0.28 0.28 0.28 0.28 0.28 0.28 0.28 0.28 0.28 0.21 0.21
 0.21 0.21 0.21 0.21 0.21 0.21 0.21 0.21 0.24 0.24 0.24 0.24 0.24 0.24
 0.24 0.24 0.24 0.25 0.25 0.25 0.25 0.25 0.25 0.25 0.25 0.25 0.25 0.33
 0.33 0.33 0.33 0.33 0.33 0.33 0.33 0.33 0.24 0.24 0.24 0.24 0.24 0.24
 0.24 0.24 0.24 0.24 0.24 0.24 0.24 0.24 0.24 0.24 0.24 0.24 0.24 0.24
 0.31 0.31 0.31 0.31 0.31 0.31 0.31 0.31 0.31 0.45 0.45 0.45 0.45 0.45
 0.45 0.45 0.45 0.45 0.45 0.3  0.3  0.3  0.3  0.3  0.3  0.3  0.3  0.3
 0.3  0.3  0.3  0.3  0.3  0.3  0.3  0.3  0.3  0.3  0.35 0.35 0.35 0.35
 0.35 0.35 0.35 0.35 0.35 0.27 0.27 0.27 0.27 0.27 0.27 0.27 0.27 0.27
 0.27 0.24 0.24 0.24 0.24 0.24 0.24 0.24 0.24 0.24 0.24 0.23 0.23 0.23
 0.23 0.23 0.23 0.23 0.23 0.23 0.3  0.3  0.3  0.3  0.3  0.3  0.3  0.3
 0.3  0.3  0.28 0.28 0.28 0.28 0.28 0.28 0.28 0.28 0.28 0.39 0.39 0.39
 0.39 0.39 0.39 0.39 0.39 0.39 0.39 0.46 0.46 0.46 0.46 0.46 0.46 0.46
 0.46 0.46 0.46 0.4  0.4  0.4  0.4  0.4  0.4  0.4  0.4  0.4  0.5  0.5
 0.5  0.5  0.5  0.5  0.5  0.5  0.5  0.5  0.65 0.65 0.65 0.65 0.65 0.65
 0.65 0.65 0.65 0.33 0.33 0.33 0.33 0.33 0.33 0.33 0.33 0.33 0.33 0.4
 0.4  0.4  0.4  0.4  0.4  0.4  0.4  0.4  0.4  0.34 0.34 0.34 0.34 0.34
 0.34 0.34 0.34 0.34 0.44 0.44 0.44 0.44 0.44 0.44 0.44 0.44 0.44 0.44
 0.76 0.76 0.76 0.76 0.76 0.76 0.76 0.76 0.76 0.27 0.27 0.27 0.27 0.27
 0.27 0.27 0.27 0.27 0.27 0.57 0.57 0.57 0.57 0.57 0.57 0.57 0.57 0.57
 0.57 0.65 0.65 0.65 0.65 0.65 0.65 0.65 0.65 0.65 0.47 0.47 0.47 0.47
 0.47 0.47 0.47 0.47 0.47 0.47 0.44 0.44 0.44 0.44 0.44 0.44 0.44 0.44
 0.44 0.59 0.59 0.59 0.59 0.59 0.59 0.59 0.59 0.59 0.59 0.48 0.48 0.48
 0.48 0.48 0.48 0.48 0.48 0.48 0.44 0.44 0.44 0.44 0.44 0.44 0.44 0.44
 0.44 0.44 0.39 0.39 0.39 0.39 0.39 0.39 0.39 0.39 0.39 0.39 0.43 0.43
 0.43 0.43 0.43 0.43 0.43 0.43 0.43 0.42 0.42 0.42 0.42 0.42 0.42 0.42
 0.42 0.42 0.42 0.41 0.41 0.41 0.41 0.41 0.41 0.41 0.41 0.41 0.43 0.43
 0.43 0.43 0.43 0.43 0.43 0.43 0.43 0.43 0.44 0.44 0.44 0.44 0.44 0.44
 0.44 0.44 0.44 0.44 0.43 0.43 0.43 0.43 0.43 0.43 0.43 0.43 0.43 0.46
 0.46 0.46 0.46 0.46 0.46 0.46 0.46 0.46 0.46 0.46 0.46 0.46 0.46 0.46
 0.46 0.46 0.46 0.46 0.41 0.41 0.41 0.41 0.41 0.41 0.41 0.41 0.41 0.41
 0.54 0.54 0.54 0.54 0.54 0.54 0.54 0.54 0.54 0.54 0.55 0.55 0.55 0.55
 0.55 0.55 0.55 0.55 0.55 0.44 0.44 0.44 0.44 0.44 0.44 0.44 0.44 0.44
 0.44 0.4  0.4  0.4  0.4  0.4  0.4  0.4  0.4  0.4  0.36 0.36 0.36 0.36
 0.36 0.36 0.36 0.36 0.36 0.36 0.29 0.29 0.29 0.29 0.29 0.29 0.29 0.29
 0.29 0.29 0.32 0.32 0.32 0.32 0.32 0.32 0.32 0.32 0.32 0.45 0.45 0.45
 0.45 0.45 0.45]"
"Generated: [0.39873964 0.40061548 0.40268242 0.40354213 0.3988502  0.39675993
 0.39362958 0.39226648 0.39477676 0.39503428 0.3938982  0.39377138
 0.39541003 0.39467573 0.39512283 0.39388683 0.39430037 0.3951113
 0.3931406  0.39201206 0.39038417 0.39233828 0.39329368 0.39464703
 0.39613122 0.3952843  0.39474064 0.39556482 0.39704362 0.39719972
 0.3957134  0.39487064 0.3955291  0.39423975 0.39661247 0.39789036
 0.3971657  0.3967802  0.3988421  0.40055358 0.3998054  0.40192443
 0.40315884 0.40301332 0.40434065 0.40440202 0.40509388 0.40337276
 0.40378258 0.40192166 0.400794   0.399199   0.39630124 0.3948873
 0.3969661  0.39798483 0.40003648 0.39966562 0.39903408 0.4006332
 0.39946494 0.39879656 0.39779675 0.3963119  0.3963043  0.3978225
 0.39966485 0.39629632 0.3955113  0.3928346  0.39117628 0.39435065
 0.39486015 0.39430296 0.39425945 0.3956348  0.39475212 0.3951996
 0.39404595 0.39444745 0.39536646 0.3933843  0.39212903 0.3904364
 0.3923645  0.39340317 0.39486185 0.39634925 0.3954493  0.39494833
 0.39569816 0.39706665 0.39720103 0.39570928 0.39485055 0.3955907
 0.3943037  0.39652753 0.39775175 0.39707687 0.39672324 0.39883485
 0.40054893 0.3997563  0.4018646  0.40311006 0.40297973 0.4043195
 0.40440708 0.4051099  0.40339947 0.4037965  0.40192854 0.4008004
 0.39920747 0.3963137  0.39490074 0.39697757 0.397992   0.4000406
 0.39966643 0.399036   0.40063515 0.39946783 0.3987994  0.39779958
 0.39631316 0.39672714 0.39632785 0.39852113 0.39576036 0.39541563
 0.39272723 0.3915009  0.39460078 0.39482096 0.3940823  0.39404795
 0.39556003 0.39466658 0.39517727 0.39413705 0.394607   0.3955043
 0.3935441  0.39215398 0.39041638 0.39236712 0.39349595 0.39494082
 0.39641058 0.3954904  0.39501083 0.39571637 0.397068   0.39720878
 0.3957048  0.39483494 0.395597   0.39431804 0.39651376 0.3977326
 0.39706522 0.39671534 0.39882487 0.40054664 0.3997537  0.40185684
 0.40310118 0.40297276 0.40431485 0.40441048 0.40511307 0.4034
 0.4037942  0.40192634 0.40079963 0.3992107  0.39632145 0.39491057
 0.39698616 0.39799812 0.40004522 0.39966863 0.39903843 0.40063754
 0.39947078 0.39880234 0.39780235 0.39631495 0.396728   0.3961358
 0.397135   0.39449412 0.39402086 0.39186457 0.3910882  0.39464638
 0.39506656 0.39435548 0.39442438 0.39614043 0.39529714 0.39572653
 0.39458874 0.3949559  0.3957179  0.39378092 0.39231595 0.3905135
 0.3924497  0.3936124  0.3950433  0.39649498 0.39556366 0.39507744
 0.39574125 0.39708057 0.39720374 0.39569405 0.39481485 0.39558357
 0.39431053 0.39650002 0.397718   0.39705342 0.3967049  0.3987903
 0.40052348 0.39973962 0.40184522 0.40309045 0.4029641  0.4043083
 0.40440732 0.40510485 0.4033848  0.40378246 0.40191877 0.40079546
 0.3992107  0.3963246  0.3949153  0.3969902  0.398001   0.40004745
 0.39966986 0.39903963 0.40063876 0.3994722  0.3988038  0.39780378
 0.3963159  0.39672872 0.3961361  0.39778346 0.3988288  0.40021542
 0.40150574 0.3997903  0.39938593 0.3995592  0.3983611  0.39736372
 0.3979096  0.39952913 0.40003058 0.39974573 0.3981532  0.3969807
 0.39603612 0.3948795  0.3954661  0.39544424 0.3981621  0.39969027
 0.39683208 0.3969011  0.39724034 0.3963174  0.39798886 0.39768213
 0.39643016 0.39613178 0.3965477  0.39660946 0.39663875 0.39643767
 0.39572424 0.39353958 0.3913126  0.39129287 0.39562073 0.39821985
 0.39835814 0.39799428 0.39692017 0.39620996 0.39520854 0.394235
 0.39540735 0.3973079  0.3980266  0.39832076 0.3987047  0.39789385
 0.39847496 0.3976376  0.39870116 0.3998377  0.40134785 0.39821818
 0.39737302 0.39665982 0.39673683 0.3987303  0.3992137  0.40218607
 0.40076363 0.39952737 0.40089014 0.4019288  0.4004213  0.39968854
 0.4000824  0.39827642 0.3975293  0.39800817 0.3995162  0.3999389
 0.39970785 0.3980939  0.39701906 0.396379   0.3960286  0.39769197
 0.3984628  0.399382   0.40041584 0.39720786 0.39704633 0.39743665
 0.3965594  0.3982821  0.39811248 0.39699683 0.39647183 0.397123
 0.39699826 0.39714128 0.3967741  0.39603016 0.39379284 0.3914911
 0.3914035  0.39571893 0.3982163  0.3982466  0.39701292 0.39551732
 0.39467162 0.39435935 0.39373443 0.39466026 0.39614478 0.3965903
 0.39717373 0.39796495 0.39732924 0.3982132  0.3975416  0.39868388
 0.3998422  0.40135843 0.39822698 0.3973675  0.396653   0.3967315
 0.3987191  0.39920697 0.40219173 0.40077224 0.3995422  0.39892015
 0.4013462  0.4005823  0.40035775 0.40120164 0.39982665 0.39923972
 0.3994481  0.40060994 0.4007873  0.40034056 0.39872885 0.39787945
 0.39771786 0.3974616  0.3988226  0.3993156  0.39985114 0.40058947
 0.39721614 0.39697224 0.3973779  0.39652866 0.39826933 0.39809185
 0.3969859  0.39644036 0.3971125  0.3969782  0.39712587 0.39673525
 0.39599973 0.39376402 0.39146328 0.39137778 0.39569846 0.3981929
 0.39822552 0.39698327 0.39545938 0.39448804 0.39395306 0.39261878
 0.3936244  0.3953923  0.39621833 0.397048   0.39793944 0.39734674
 0.39823815 0.39756414 0.39870083 0.39984515 0.40134552 0.3982087
 0.39734057 0.396623   0.3966994  0.39868522 0.39917657 0.4021685
 0.4007506  0.39952716 0.39891577 0.39922848 0.39967045 0.4000108
 0.40132257 0.40020877 0.3997213  0.40004343 0.40121078 0.401327
 0.4007981  0.39906165 0.3983216  0.3981735  0.39775273 0.39892647
 0.3992731  0.3997554  0.4004884  0.39715213 0.39695954 0.39739037
 0.396544   0.398311   0.39812613 0.3970304  0.3965037  0.3971653
 0.39699924 0.39713138 0.39672497 0.39596447 0.39370996 0.3914147
 0.39133212 0.39566237 0.39815658 0.39819777 0.39695102 0.39541733
 0.3944502  0.39392486 0.39258158 0.3936003  0.39537165 0.39619708
 0.39703214 0.39792967 0.39734185 0.39823574 0.397563   0.3987004
 0.3998446  0.4013436  0.39820698 0.3973405  0.39662322 0.39669976
 0.3986854  0.3991767  0.40216872 0.40075055 0.39952677 0.3989153
 0.39922917 0.39978686 0.39860243 0.3987165  0.39904737 0.4010504
 0.4003433  0.39942133 0.39737502 0.39421144 0.3947911  0.39565554
 0.39414927 0.39233488 0.38979715 0.3900798  0.38917163 0.38921878
 0.38950476 0.3899065  0.39035946 0.39227805 0.39347875 0.39176643
 0.3925488 ]"
Accuracy: tensor(0.6336)
Video: Yi4Ij2NM7U4	Size: 535
"Ground Truth: [0.3  0.3  0.29 0.29 0.29 0.29 0.29 0.29 0.29 0.29 0.29 0.29 0.29 0.29
 0.29 0.29 0.29 0.29 0.29 0.29 0.29 0.26 0.26 0.26 0.26 0.26 0.26 0.26
 0.26 0.26 0.26 0.27 0.27 0.27 0.27 0.27 0.27 0.27 0.27 0.27 0.29 0.29
 0.29 0.29 0.29 0.29 0.29 0.29 0.29 0.29 0.27 0.27 0.27 0.27 0.27 0.27
 0.27 0.27 0.27 0.27 0.3  0.3  0.3  0.3  0.3  0.3  0.3  0.3  0.3  0.3
 0.3  0.3  0.3  0.3  0.3  0.3  0.3  0.3  0.3  0.24 0.24 0.24 0.24 0.24
 0.24 0.24 0.24 0.24 0.29 0.29 0.29 0.29 0.29 0.29 0.29 0.29 0.29 0.29
 0.28 0.28 0.28 0.28 0.28 0.28 0.28 0.28 0.28 0.28 0.26 0.26 0.26 0.26
 0.26 0.26 0.26 0.26 0.26 0.26 0.26 0.26 0.26 0.26 0.26 0.26 0.26 0.26
 0.26 0.26 0.26 0.26 0.26 0.26 0.26 0.26 0.26 0.26 0.27 0.27 0.27 0.27
 0.27 0.27 0.27 0.27 0.27 0.27 0.27 0.27 0.27 0.27 0.27 0.27 0.27 0.27
 0.27 0.27 0.27 0.27 0.27 0.27 0.27 0.27 0.27 0.27 0.27 0.24 0.24 0.24
 0.24 0.24 0.24 0.24 0.24 0.24 0.24 0.36 0.36 0.36 0.36 0.36 0.36 0.36
 0.36 0.36 0.49 0.49 0.49 0.49 0.49 0.49 0.49 0.49 0.49 0.49 0.47 0.47
 0.47 0.47 0.47 0.47 0.47 0.47 0.47 0.47 0.45 0.45 0.45 0.45 0.45 0.45
 0.45 0.45 0.45 0.58 0.58 0.58 0.58 0.58 0.58 0.58 0.58 0.58 0.58 0.53
 0.53 0.53 0.53 0.53 0.53 0.53 0.53 0.53 0.3  0.3  0.3  0.3  0.3  0.3
 0.3  0.3  0.3  0.3  0.26 0.26 0.26 0.26 0.26 0.26 0.26 0.26 0.26 0.26
 0.32 0.32 0.32 0.32 0.32 0.32 0.32 0.32 0.32 0.28 0.28 0.28 0.28 0.28
 0.28 0.28 0.28 0.28 0.28 0.24 0.24 0.24 0.24 0.24 0.24 0.24 0.24 0.24
 0.28 0.28 0.28 0.28 0.28 0.28 0.28 0.28 0.28 0.28 0.3  0.3  0.3  0.3
 0.3  0.3  0.3  0.3  0.3  0.3  0.23 0.23 0.23 0.23 0.23 0.23 0.23 0.23
 0.23 0.27 0.27 0.27 0.27 0.27 0.27 0.27 0.27 0.27 0.27 0.31 0.31 0.31
 0.31 0.31 0.31 0.31 0.31 0.31 0.28 0.28 0.28 0.28 0.28 0.28 0.28 0.28
 0.28 0.28 0.37 0.37 0.37 0.37 0.37 0.37 0.37 0.37 0.37 0.37 0.35 0.35
 0.35 0.35 0.35 0.35 0.35 0.35 0.35 0.4  0.4  0.4  0.4  0.4  0.4  0.4
 0.4  0.4  0.4  0.42 0.42 0.42 0.42 0.42 0.42 0.42 0.42 0.42 0.44 0.44
 0.44 0.44 0.44 0.44 0.44 0.44 0.44 0.44 0.45 0.45 0.45 0.45 0.45 0.45
 0.45 0.45 0.45 0.45 0.46 0.46 0.46 0.46 0.46 0.46 0.46 0.46 0.46 0.43
 0.43 0.43 0.43 0.43 0.43 0.43 0.43 0.43 0.43 0.39 0.39 0.39 0.39 0.39
 0.39 0.39 0.39 0.39 0.35 0.35 0.35 0.35 0.35 0.35 0.35 0.35 0.35 0.35
 0.39 0.39 0.39 0.39 0.39 0.39 0.39 0.39 0.39 0.39 0.36 0.36 0.36 0.36
 0.36 0.36 0.36 0.36 0.36 0.28 0.28 0.28 0.28 0.28 0.28 0.28 0.28 0.28
 0.28 0.24 0.24 0.24 0.24 0.24 0.24 0.24 0.24 0.24 0.28 0.28 0.28 0.28
 0.28 0.28 0.28 0.28 0.28 0.28 0.24 0.24 0.24 0.24 0.24 0.24 0.24 0.24
 0.24 0.24 0.26 0.26 0.26 0.26 0.26 0.26 0.26 0.26 0.26 0.42 0.42 0.42
 0.42 0.42 0.42 0.42 0.42 0.42 0.42 0.5  0.5  0.5  0.5  0.5  0.5  0.5
 0.5  0.5  0.48 0.48 0.48 0.48 0.48 0.48 0.48 0.48 0.48 0.48 0.51 0.51
 0.51 0.51 0.51]"
"Generated: [0.39683253 0.39765283 0.39646736 0.3973049  0.3994345  0.39861453
 0.3964845  0.3938775  0.39771304 0.39961228 0.39987478 0.40124762
 0.4022283  0.40302804 0.40344602 0.40387094 0.40420887 0.40441927
 0.40497303 0.40532735 0.40543312 0.4054091  0.40536904 0.40588865
 0.40616152 0.4065473  0.40857023 0.40658897 0.40440333 0.4016346
 0.40014413 0.40025628 0.4008244  0.40125346 0.40019777 0.39957914
 0.3998926  0.40063697 0.40114754 0.40198442 0.4031576  0.40410313
 0.40546948 0.40537158 0.40476006 0.4033772  0.40223572 0.39921054
 0.4003808  0.40089127 0.40281346 0.40449408 0.40714034 0.40805623
 0.40710488 0.40663525 0.4049584  0.4023279  0.40231332 0.40337464
 0.40436646 0.40412045 0.40426794 0.40560597 0.4069685  0.40386683
 0.4026232  0.40305018 0.40085816 0.39773616 0.39435968 0.39783895
 0.39944115 0.39958212 0.40084466 0.401742   0.40251714 0.40292528
 0.40332073 0.4036524  0.40382668 0.40433514 0.40465373 0.40472817
 0.40469012 0.40464702 0.4052066  0.40555096 0.40601707 0.408118
 0.40624443 0.40414515 0.4014332  0.39997908 0.40013486 0.40075216
 0.40127543 0.40027446 0.39964408 0.39991498 0.4006569  0.40113956
 0.40196502 0.40313426 0.4040781  0.40543047 0.4053172  0.4047117
 0.4033326  0.40218055 0.39917096 0.4003499  0.40086484 0.40280107
 0.40448123 0.4071241  0.40804273 0.40709487 0.40662694 0.40495178
 0.40232116 0.4023074  0.4033699  0.40436292 0.40411744 0.40426552
 0.40560377 0.4047048  0.40424642 0.40404323 0.4044191  0.40188515
 0.39857563 0.39494923 0.39817184 0.39963093 0.39964128 0.40087697
 0.40176004 0.40252966 0.40293825 0.40333146 0.4036653  0.4038409
 0.40434742 0.4046654  0.4047398  0.40469855 0.40464965 0.40520057
 0.40553474 0.40599653 0.4080956  0.40624318 0.40414685 0.40143454
 0.39998147 0.40013668 0.4007499  0.40126652 0.40025827 0.3996281
 0.3999036  0.40064833 0.40113497 0.4019628  0.40313193 0.40407616
 0.40543038 0.4053174  0.40471062 0.4033275  0.4021784  0.39917117
 0.4003504  0.40086597 0.40280086 0.40447816 0.407121   0.40804067
 0.40709352 0.40662643 0.4049519  0.40232298 0.40230897 0.40337119
 0.40436405 0.4041185  0.40426636 0.40560448 0.40470535 0.40520623
 0.40571165 0.40634298 0.40369835 0.400298   0.39626288 0.39919218
 0.40023634 0.3999878  0.40105695 0.40185195 0.40258202 0.4029747
 0.40335476 0.40368438 0.40385416 0.40434957 0.40465787 0.4047239
 0.40467367 0.40461522 0.40515953 0.40549037 0.40595442 0.40805694
 0.40622625 0.40412956 0.40141222 0.39995447 0.40011176 0.40072787
 0.4012448  0.40023628 0.39961037 0.39989176 0.40063992 0.40113044
 0.40196064 0.4031293  0.40407366 0.405429   0.40531632 0.40470824
 0.40331638 0.40216878 0.3991651  0.40034646 0.40086377 0.40279704
 0.40446916 0.40711167 0.40803385 0.40708882 0.40662366 0.40495074
 0.40232462 0.40231055 0.40337247 0.40436527 0.40411973 0.40426737
 0.40560526 0.40470597 0.40520716 0.40398633 0.39746806 0.39789897
 0.4005688  0.39915583 0.39897525 0.40029094 0.4021753  0.39877248
 0.39934677 0.400343   0.40036708 0.4017141  0.4030134  0.40074074
 0.4002386  0.39964724 0.3995625  0.39765903 0.395822   0.39440137
 0.39409417 0.39292634 0.39381742 0.39553115 0.3959604  0.3967127
 0.39538372 0.3965408  0.3951597  0.39733303 0.39841664 0.39904806
 0.39880338 0.39809132 0.3986244  0.40068975 0.40088806 0.40043995
 0.39897206 0.39886802 0.3976536  0.39689487 0.3963445  0.3961772
 0.398788   0.39948183 0.39858577 0.39903188 0.39940655 0.40125558
 0.39992365 0.40030226 0.40035126 0.3985056  0.39833656 0.39846444
 0.39817017 0.3983308  0.39883372 0.398608   0.39886966 0.3961
 0.3966452  0.3974924  0.39929172 0.40244249 0.40173522 0.401038
 0.40191033 0.4028893  0.39933726 0.3996252  0.40036508 0.40052643
 0.40198582 0.40335056 0.40123078 0.4008343  0.40017158 0.40020975
 0.39818287 0.39622545 0.39473957 0.39437327 0.39338443 0.39442414
 0.39587632 0.3961379  0.39680475 0.39545783 0.3966212  0.3952305
 0.3974005  0.3984766  0.39910212 0.39884824 0.39813155 0.39866439
 0.4007269  0.4009154  0.40045083 0.39896917 0.39886117 0.39764705
 0.39686227 0.39628267 0.3961042  0.39871317 0.3994204  0.39852777
 0.3989801  0.39936146 0.401209   0.39986753 0.4002203  0.40024433
 0.39839074 0.39824098 0.39839604 0.3980927  0.39825097 0.39877027
 0.39854857 0.3988132  0.3960093  0.39655983 0.3974307  0.3988149
 0.40310773 0.40336853 0.40272868 0.40326375 0.4038085  0.4004109
 0.40062922 0.4011875  0.40137777 0.40276778 0.4040197  0.40178558
 0.40116376 0.4003236  0.40023398 0.39816466 0.3961789  0.39468497
 0.3943254  0.39335424 0.39441088 0.39587706 0.3961504  0.39681786
 0.3954742  0.3966405  0.39525187 0.3974219  0.398499   0.3991256
 0.3988656  0.3981404  0.3986689  0.40073797 0.40092266 0.40043244
 0.39894056 0.39882928 0.3976154  0.39681226 0.39621273 0.39602605
 0.39863732 0.39935738 0.3984724  0.39892954 0.39931172 0.40116113
 0.39981705 0.4001581  0.40017074 0.39830548 0.39816377 0.39833346
 0.39802274 0.3981807  0.39871463 0.3984996  0.39876914 0.39593977
 0.3964985  0.3973869  0.3987838  0.40255037 0.4030788  0.40208247
 0.40245157 0.40295544 0.39927268 0.39932075 0.4000233  0.40060645
 0.4020918  0.40338117 0.40107718 0.40049553 0.399759   0.39968446
 0.3977533  0.3958361  0.3944013  0.39409402 0.39318955 0.39429486
 0.39580262 0.39609045 0.3967456  0.3953919  0.39656246 0.39518124
 0.39735878 0.3984419  0.39907604 0.39881465 0.39809504 0.39862907
 0.40070376 0.40088636 0.40038642 0.39889497 0.39878827 0.39757642
 0.3967735  0.3961742  0.39598486 0.39860117 0.39932433 0.39844272
 0.3989021  0.39928347 0.40113726 0.39978927 0.40013057 0.400152
 0.39828655 0.39814886 0.39831743 0.39800772 0.39816594 0.39870206
 0.3984897  0.39876208 0.39593443 0.39649385 0.39738274 0.39877838
 0.402547   0.40164623 0.3974679  0.39741793 0.39773968 0.39945486
 0.40017188 0.39909348 0.39916176 0.39900213 0.39652467 0.3981377
 0.39907163 0.40073583 0.40167084 0.39898703 0.39986905 0.4002773
 0.40084177 0.40133342 0.40355393 0.40575728 0.40626907 0.40506557
 0.4033184 ]"
Accuracy: tensor(0.3888)
Video: 37rzWOQsNIw	Size: 536
"Ground Truth: [0.48 0.48 0.48 0.48 0.48 0.48 0.48 0.48 0.44 0.44 0.44 0.44 0.44 0.44
 0.44 0.44 0.44 0.44 0.44 0.44 0.39 0.39 0.39 0.39 0.39 0.39 0.39 0.39
 0.39 0.39 0.39 0.39 0.53 0.53 0.53 0.53 0.53 0.53 0.53 0.53 0.53 0.53
 0.53 0.53 0.62 0.62 0.62 0.62 0.62 0.62 0.62 0.62 0.62 0.62 0.62 0.62
 0.59 0.59 0.59 0.59 0.59 0.59 0.59 0.59 0.59 0.59 0.59 0.59 0.38 0.38
 0.38 0.38 0.38 0.38 0.38 0.38 0.38 0.38 0.38 0.38 0.44 0.44 0.44 0.44
 0.44 0.44 0.44 0.44 0.44 0.44 0.44 0.44 0.42 0.42 0.42 0.42 0.42 0.42
 0.42 0.42 0.42 0.42 0.42 0.42 0.4  0.4  0.4  0.4  0.4  0.4  0.4  0.4
 0.4  0.4  0.4  0.4  0.49 0.49 0.49 0.49 0.49 0.49 0.49 0.49 0.49 0.49
 0.49 0.49 0.41 0.41 0.41 0.41 0.41 0.41 0.41 0.41 0.41 0.41 0.41 0.37
 0.37 0.37 0.37 0.37 0.37 0.37 0.37 0.37 0.37 0.37 0.37 0.38 0.38 0.38
 0.38 0.38 0.38 0.38 0.38 0.38 0.38 0.38 0.38 0.48 0.48 0.48 0.48 0.48
 0.48 0.48 0.48 0.48 0.48 0.48 0.48 0.31 0.31 0.31 0.31 0.31 0.31 0.31
 0.31 0.31 0.31 0.31 0.31 0.31 0.31 0.31 0.31 0.31 0.31 0.31 0.31 0.31
 0.31 0.31 0.31 0.42 0.42 0.42 0.42 0.42 0.42 0.42 0.42 0.42 0.42 0.42
 0.42 0.44 0.44 0.44 0.44 0.44 0.44 0.44 0.44 0.44 0.44 0.44 0.44 0.36
 0.36 0.36 0.36 0.36 0.36 0.36 0.36 0.36 0.36 0.36 0.36 0.39 0.39 0.39
 0.39 0.39 0.39 0.39 0.39 0.39 0.39 0.39 0.39 0.32 0.32 0.32 0.32 0.32
 0.32 0.32 0.32 0.32 0.32 0.32 0.32 0.3  0.3  0.3  0.3  0.3  0.3  0.3
 0.3  0.3  0.3  0.3  0.3  0.3  0.3  0.3  0.3  0.3  0.3  0.3  0.3  0.3
 0.3  0.3  0.3  0.27 0.27 0.27 0.27 0.27 0.27 0.27 0.27 0.27 0.27 0.27
 0.27 0.29 0.29 0.29 0.29 0.29 0.29 0.29 0.29 0.29 0.29 0.29 0.29 0.51
 0.51 0.51 0.51 0.51 0.51 0.51 0.51 0.51 0.51 0.51 0.51 0.48 0.48 0.48
 0.48 0.48 0.48 0.48 0.48 0.48 0.48 0.48 0.48 0.62 0.62 0.62 0.62 0.62
 0.62 0.62 0.62 0.62 0.62 0.62 0.62 0.56 0.56 0.56 0.56 0.56 0.56 0.56
 0.56 0.56 0.56 0.56 0.56 0.59 0.59 0.59 0.59 0.59 0.59 0.59 0.59 0.59
 0.59 0.59 0.59 0.31 0.31 0.31 0.31 0.31 0.31 0.31 0.31 0.31 0.31 0.31
 0.31 0.56 0.56 0.56 0.56 0.56 0.56 0.56 0.56 0.56 0.56 0.56 0.56 0.52
 0.52 0.52 0.52 0.52 0.52 0.52 0.52 0.52 0.52 0.52 0.52 0.5  0.5  0.5
 0.5  0.5  0.5  0.5  0.5  0.5  0.5  0.5  0.5  0.53 0.53 0.53 0.53 0.53
 0.53 0.53 0.53 0.53 0.53 0.53 0.53 0.49 0.49 0.49 0.49 0.49 0.49 0.49
 0.49 0.49 0.49 0.49 0.49 0.37 0.37 0.37 0.37 0.37 0.37 0.37 0.37 0.37
 0.37 0.37 0.37 0.34 0.34 0.34 0.34 0.34 0.34 0.34 0.34 0.34 0.34 0.34
 0.34 0.31 0.31 0.31 0.31 0.31 0.31 0.31 0.31 0.31 0.31 0.31 0.31 0.25
 0.25 0.25 0.25 0.25 0.25 0.25 0.25 0.25 0.25 0.25 0.25 0.27 0.27 0.27
 0.27 0.27 0.27 0.27 0.27 0.27 0.27 0.27 0.27 0.3  0.3  0.3  0.3  0.3
 0.3  0.3  0.3  0.3  0.3  0.3  0.3  0.24 0.24 0.24 0.24 0.24 0.24 0.24
 0.24 0.24 0.24 0.24 0.24 0.26 0.26 0.26 0.26 0.26 0.26 0.26 0.26 0.26
 0.26 0.26 0.26 0.34]"
"Generated: [0.39994943 0.40185395 0.40251082 0.4022011  0.4018835  0.39978823
 0.39880854 0.397094   0.39798468 0.39880523 0.39994615 0.4014319
 0.40038288 0.3991437  0.3989323  0.40151805 0.39618847 0.39488104
 0.3958071  0.39947808 0.40167314 0.40226662 0.39902842 0.3948627
 0.3932153  0.39210653 0.39323762 0.3948701  0.39515764 0.3948104
 0.3933524  0.3946921  0.39512992 0.39552578 0.3953711  0.3952907
 0.39504394 0.39630333 0.39686996 0.39665478 0.39642897 0.3948592
 0.39643443 0.3972688  0.39604688 0.3911354  0.38860336 0.39103717
 0.3928506  0.39556515 0.39872706 0.39994323 0.40006837 0.39861363
 0.39942876 0.399022   0.39793903 0.3982001  0.39877853 0.39803258
 0.4006514  0.40307358 0.397896   0.39554018 0.3998332  0.4018574
 0.40318674 0.40318352 0.4012044  0.400035   0.39854723 0.3997189
 0.40044612 0.40183616 0.40351993 0.4025348  0.40104017 0.4006928
 0.40299103 0.3974155  0.39573207 0.39623216 0.39984667 0.4019873
 0.40263933 0.39943096 0.39516523 0.39337158 0.39220366 0.39330336
 0.39490193 0.39518434 0.39482272 0.3933607  0.3946968  0.3951328
 0.39551988 0.3953733  0.3952859  0.39504316 0.39629862 0.396873
 0.3966618  0.39643866 0.3948667  0.39644146 0.3972747  0.39604908
 0.39113286 0.38859993 0.39103243 0.3928452  0.39556086 0.39872494
 0.39994228 0.4000673  0.398613   0.39942884 0.39902237 0.39793944
 0.39820057 0.39877966 0.39803314 0.40065193 0.4030742  0.397896
 0.39553988 0.3928168  0.3979744  0.4010694  0.40201387 0.40107313
 0.40047413 0.39891055 0.40001184 0.40074533 0.40226758 0.40383136
 0.4028791  0.40134698 0.4010163  0.40325227 0.39755735 0.3958447
 0.39632702 0.39985844 0.40193275 0.40252554 0.3992957  0.39503747
 0.39328673 0.3921475  0.39327154 0.39488825 0.39517957 0.3948241
 0.3933659  0.39470625 0.3951451  0.39553323 0.3953853  0.39529574
 0.39505246 0.39630336 0.39687568 0.39666256 0.39643952 0.39486757
 0.39644343 0.3972757  0.39605027 0.39113376 0.3886017  0.3910338
 0.39284644 0.39556232 0.39872536 0.3999418  0.400067   0.3986129
 0.39942926 0.3990232  0.39794043 0.3982015  0.39878112 0.39803433
 0.40065292 0.40307513 0.39789638 0.39553982 0.39281666 0.3913533
 0.39735585 0.39967844 0.39972302 0.39980924 0.3983691  0.39959574
 0.40027577 0.40187982 0.40343842 0.4025605  0.40106368 0.40091503
 0.40320674 0.39739004 0.39574006 0.39624912 0.3997384  0.40177009
 0.4023079  0.39906484 0.39484757 0.39317128 0.3920751  0.39323092
 0.3948662  0.39516646 0.39481717 0.3933641  0.39470753 0.39515
 0.39554152 0.3953943  0.3953035  0.39506143 0.39630625 0.39687496
 0.39665884 0.3964362  0.39486542 0.39644304 0.39727452 0.39604977
 0.39113352 0.3886029  0.39103478 0.39284736 0.3955636  0.39872524
 0.39994037 0.40006584 0.39861223 0.3994293  0.39902377 0.3979412
 0.3982024  0.39878255 0.39803573 0.40065402 0.40307608 0.3978967
 0.39553976 0.39281654 0.3913532  0.39200056 0.3980184  0.3969327
 0.3976567  0.39873603 0.398774   0.3975419  0.39512452 0.39367947
 0.39234304 0.39068273 0.39336783 0.39341775 0.39434582 0.3969041
 0.39650154 0.39498115 0.3924312  0.39087817 0.38917634 0.389286
 0.38841233 0.3883631  0.39152527 0.3951718  0.3952388  0.396777
 0.3948511  0.39529556 0.39607176 0.3936586  0.3934142  0.39414346
 0.3942287  0.39373416 0.39397135 0.39491615 0.39677292 0.39642125
 0.39696872 0.4003895  0.4019927  0.40353364 0.40187317 0.39945662
 0.3988934  0.39596286 0.39719757 0.3969618  0.39578176 0.39627102
 0.3934271  0.39566398 0.3967917  0.39735386 0.39540726 0.39626682
 0.39752564 0.39783376 0.39853165 0.3985268  0.39848307 0.3967917
 0.3975861  0.3975006  0.39654154 0.3970864  0.39742592 0.39698085
 0.39546785 0.39273128 0.39128727 0.38980353 0.3887757  0.3914726
 0.39179835 0.39325684 0.395982   0.39589366 0.394687   0.39283794
 0.39163628 0.39041522 0.39110428 0.39045846 0.3907152  0.39310706
 0.39643645 0.3960373  0.39730242 0.39510348 0.3954304  0.39616176
 0.3936212  0.39322937 0.39404285 0.3941784  0.39360094 0.3939319
 0.39487085 0.3967348  0.39640045 0.39695072 0.40037805 0.40198913
 0.40353492 0.40187424 0.3994556  0.3988904  0.39595643 0.3971981
 0.39696127 0.39578038 0.3962675  0.3934269  0.39566487 0.39679283
 0.39735526 0.39540884 0.39626822 0.39752746 0.39783934 0.39854762
 0.39856705 0.39852074 0.3968337  0.3976255  0.39752656 0.39779368
 0.3973081  0.39808813 0.39869997 0.39717883 0.39392686 0.3921605
 0.38989234 0.3882793  0.39066154 0.3908327  0.3922183  0.39488944
 0.39479065 0.39363256 0.39198494 0.39089474 0.38991323 0.39091983
 0.39040303 0.3907424  0.3931205  0.39646432 0.3960645  0.39729103
 0.39507413 0.39544356 0.39617553 0.3936189  0.3931973  0.39403817
 0.39418742 0.39360157 0.39393738 0.3948711  0.39673546 0.39640042
 0.3969468  0.40037504 0.4019898  0.4035375  0.40187684 0.39945886
 0.39889285 0.3959596  0.3972004  0.3969625  0.39578152 0.39626792
 0.39342812 0.39566576 0.39679328 0.39735577 0.39540935 0.39626873
 0.39752924 0.39784494 0.3985623  0.39859617 0.3985452  0.39685792
 0.3976476  0.3975411  0.39780354 0.3983868  0.3984722  0.3996389
 0.39909324 0.39591593 0.39369178 0.39103982 0.3889986  0.39103857
 0.39087787 0.39207852 0.39463165 0.39437392 0.39300904 0.39131913
 0.39018294 0.38923758 0.39045483 0.39011222 0.39055124 0.3930403
 0.3964452  0.39609852 0.3974121  0.3951812  0.3955141  0.3962306
 0.39369315 0.39327532 0.39405847 0.39418235 0.3936058  0.3939374
 0.39487186 0.39673808 0.39640233 0.39695257 0.40037802 0.40198612
 0.4035284  0.4018685  0.39944953 0.3988845  0.3959509  0.3971939
 0.39695904 0.39577752 0.39626566 0.39342347 0.39566275 0.3967914
 0.3973542  0.3954082  0.39626828 0.3975312  0.39785254 0.39858156
 0.39862776 0.39857027 0.3968809  0.39766818 0.39755425 0.39781225
 0.3983932  0.3979273  0.39769012 0.39699954 0.39283764 0.3911217
 0.38999122 0.3919443  0.39158836 0.39200938 0.39207214 0.39216676
 0.39093396 0.392102   0.39009973 0.39040518 0.390927   0.39057773
 0.3902962  0.39033276 0.39119598 0.38768813 0.38768226 0.3878831
 0.38870656 0.387454  ]"
Accuracy: tensor(0.6194)
Video: LRw_obCPUt0	Size: 536
"Ground Truth: [0.39 0.39 0.39 0.36 0.36 0.36 0.36 0.36 0.36 0.36 0.36 0.36 0.39 0.39
 0.39 0.39 0.39 0.39 0.39 0.39 0.39 0.39 0.37 0.37 0.37 0.37 0.37 0.37
 0.37 0.37 0.37 0.37 0.44 0.44 0.44 0.44 0.44 0.44 0.44 0.44 0.44 0.24
 0.24 0.24 0.24 0.24 0.24 0.24 0.24 0.24 0.24 0.23 0.23 0.23 0.23 0.23
 0.23 0.23 0.23 0.23 0.25 0.25 0.25 0.25 0.25 0.25 0.25 0.25 0.25 0.25
 0.23 0.23 0.23 0.23 0.23 0.23 0.23 0.23 0.23 0.23 0.23 0.23 0.23 0.23
 0.23 0.23 0.23 0.23 0.23 0.24 0.24 0.24 0.24 0.24 0.24 0.24 0.24 0.24
 0.24 0.24 0.24 0.24 0.24 0.24 0.24 0.24 0.24 0.24 0.22 0.22 0.22 0.22
 0.22 0.22 0.22 0.22 0.22 0.22 0.24 0.24 0.24 0.24 0.24 0.24 0.24 0.24
 0.24 0.24 0.22 0.22 0.22 0.22 0.22 0.22 0.22 0.22 0.22 0.23 0.23 0.23
 0.23 0.23 0.23 0.23 0.23 0.23 0.23 0.24 0.24 0.24 0.24 0.24 0.24 0.24
 0.24 0.24 0.25 0.25 0.25 0.25 0.25 0.25 0.25 0.25 0.25 0.25 0.24 0.24
 0.24 0.24 0.24 0.24 0.24 0.24 0.24 0.26 0.26 0.26 0.26 0.26 0.26 0.26
 0.26 0.26 0.26 0.32 0.32 0.32 0.32 0.32 0.32 0.32 0.32 0.32 0.32 0.48
 0.48 0.48 0.48 0.48 0.48 0.48 0.48 0.48 0.51 0.51 0.51 0.51 0.51 0.51
 0.51 0.51 0.51 0.51 0.53 0.53 0.53 0.53 0.53 0.53 0.53 0.53 0.53 0.54
 0.54 0.54 0.54 0.54 0.54 0.54 0.54 0.54 0.54 0.6  0.6  0.6  0.6  0.6
 0.6  0.6  0.6  0.6  0.6  0.53 0.53 0.53 0.53 0.53 0.53 0.53 0.53 0.53
 0.59 0.59 0.59 0.59 0.59 0.59 0.59 0.59 0.59 0.59 0.36 0.36 0.36 0.36
 0.36 0.36 0.36 0.36 0.36 0.33 0.33 0.33 0.33 0.33 0.33 0.33 0.33 0.33
 0.33 0.36 0.36 0.36 0.36 0.36 0.36 0.36 0.36 0.36 0.36 0.44 0.44 0.44
 0.44 0.44 0.44 0.44 0.44 0.44 0.4  0.4  0.4  0.4  0.4  0.4  0.4  0.4
 0.4  0.4  0.42 0.42 0.42 0.42 0.42 0.42 0.42 0.42 0.42 0.26 0.26 0.26
 0.26 0.26 0.26 0.26 0.26 0.26 0.26 0.28 0.28 0.28 0.28 0.28 0.28 0.28
 0.28 0.28 0.31 0.31 0.31 0.31 0.31 0.31 0.31 0.31 0.31 0.31 0.28 0.28
 0.28 0.28 0.28 0.28 0.28 0.28 0.28 0.28 0.35 0.35 0.35 0.35 0.35 0.35
 0.35 0.35 0.35 0.31 0.31 0.31 0.31 0.31 0.31 0.31 0.31 0.31 0.31 0.27
 0.27 0.27 0.27 0.27 0.27 0.27 0.27 0.27 0.29 0.29 0.29 0.29 0.29 0.29
 0.29 0.29 0.29 0.29 0.48 0.48 0.48 0.48 0.48 0.48 0.48 0.48 0.48 0.48
 0.43 0.43 0.43 0.43 0.43 0.43 0.43 0.43 0.43 0.44 0.44 0.44 0.44 0.44
 0.44 0.44 0.44 0.44 0.44 0.42 0.42 0.42 0.42 0.42 0.42 0.42 0.42 0.42
 0.41 0.41 0.41 0.41 0.41 0.41 0.41 0.41 0.41 0.41 0.46 0.46 0.46 0.46
 0.46 0.46 0.46 0.46 0.46 0.46 0.48 0.48 0.48 0.48 0.48 0.48 0.48 0.48
 0.48 0.43 0.43 0.43 0.43 0.43 0.43 0.43 0.43 0.43 0.43 0.4  0.4  0.4
 0.4  0.4  0.4  0.4  0.4  0.4  0.46 0.46 0.46 0.46 0.46 0.46 0.46 0.46
 0.46 0.46 0.42 0.42 0.42 0.42 0.42 0.42 0.42 0.42 0.42 0.42 0.6  0.6
 0.6  0.6  0.6  0.6  0.6  0.6  0.6  0.59 0.59 0.59 0.59 0.59 0.59 0.59
 0.59 0.59 0.59 0.57 0.57 0.57 0.57 0.57 0.57 0.57 0.57 0.57 0.58 0.58
 0.58 0.58 0.58 0.58]"
"Generated: [0.39462113 0.39320463 0.3941023  0.39412865 0.3945722  0.39643008
 0.39685342 0.39636683 0.3959652  0.39672187 0.3974057  0.3978872
 0.39826575 0.39695218 0.39740518 0.3958142  0.39316595 0.3942451
 0.3926281  0.39221302 0.39495245 0.39559838 0.39351064 0.39451867
 0.3983604  0.39790806 0.40205458 0.4012427  0.40180692 0.40206212
 0.4033623  0.40329024 0.40365818 0.40368795 0.40403846 0.40166545
 0.3975911  0.3929794  0.39413542 0.39022213 0.38985035 0.39157984
 0.39237165 0.3926824  0.39089194 0.39255914 0.39035338 0.39051682
 0.3915506  0.39072463 0.39248618 0.39056766 0.39021036 0.39210904
 0.3932427  0.39234957 0.39331043 0.393679   0.39358342 0.39310923
 0.39198405 0.3968251  0.39762887 0.39963105 0.39781213 0.39725754
 0.39602208 0.39544886 0.39670253 0.3970657  0.39664888 0.396456
 0.39743182 0.39829195 0.39880916 0.39912796 0.39767274 0.39798892
 0.3963216  0.39351135 0.39448974 0.39277223 0.39238212 0.39512068
 0.39570802 0.39358896 0.39457962 0.3984479  0.39795274 0.40207905
 0.40127444 0.4019419  0.4022641  0.40355837 0.40337673 0.40367252
 0.40366036 0.4040022  0.40163952 0.39757282 0.39296064 0.39412177
 0.39021304 0.38984454 0.3915755  0.39236975 0.3926814  0.39089265
 0.3925605  0.390355   0.39051872 0.39155167 0.39072895 0.39250693
 0.3906256  0.3902588  0.39204156 0.39323163 0.39236343 0.39335993
 0.39369243 0.3935899  0.3931054  0.39199787 0.39689982 0.39768627
 0.39967018 0.39970213 0.40045226 0.3985953  0.39678395 0.39700505
 0.39713618 0.39656502 0.39640895 0.39743266 0.3983149  0.3988446
 0.3992318  0.39778462 0.3981661  0.39650238 0.39359137 0.3945945
 0.39283466 0.39242327 0.3951663  0.39572206 0.3935738  0.3945851
 0.39844418 0.39796883 0.40209165 0.40128264 0.4019778  0.40230438
 0.4036035  0.4034025  0.40368342 0.4036683  0.40400812 0.40164572
 0.39757967 0.39297277 0.39413202 0.39022058 0.38984913 0.3915816
 0.39237705 0.39268598 0.3908977  0.39256638 0.3903687  0.3905551
 0.39162138 0.3908928  0.39277658 0.39080027 0.39030942 0.39204842
 0.39324757 0.39233673 0.39334053 0.3936557  0.39357325 0.39309347
 0.3919939  0.39691567 0.39769563 0.39967567 0.3997061  0.39925787
 0.39939526 0.39728138 0.39676023 0.39705583 0.39610818 0.39604622
 0.39710876 0.39801323 0.3985193  0.39888254 0.3974401  0.3978909
 0.3963747  0.39350584 0.39456233 0.39281785 0.39237013 0.39516884
 0.39574257 0.39358944 0.39461076 0.39847255 0.39799768 0.4021309
 0.40136528 0.40205187 0.4023885  0.40370458 0.40346578 0.4037115
 0.403698   0.40398726 0.40165    0.3976281  0.39313775 0.39434782
 0.39058053 0.39028683 0.39208448 0.39294216 0.39301884 0.39126885
 0.3930033  0.3908323  0.3908981  0.39181265 0.3909701  0.39280733
 0.3907675  0.39028126 0.39202172 0.39322466 0.39228693 0.39331397
 0.39362487 0.39356375 0.39308488 0.39198884 0.3969268  0.3977019
 0.39968082 0.39971128 0.39926222 0.39841664 0.39466432 0.39197642
 0.3925861  0.3925214  0.3926411  0.3943548  0.39225754 0.39566645
 0.394142   0.3912375  0.39281252 0.39140815 0.39139208 0.39287922
 0.3896548  0.39166906 0.39131236 0.39218014 0.39434576 0.39491248
 0.39582923 0.39766622 0.3966343  0.39389342 0.3959639  0.3981305
 0.3992608  0.39791256 0.3990627  0.3994278  0.4008532  0.40087986
 0.3988411  0.3993476  0.39894724 0.39961126 0.4006357  0.39957008
 0.39909726 0.39739907 0.39604452 0.3949148  0.39460278 0.3936193
 0.39517242 0.39603645 0.3980625  0.39716384 0.39809218 0.39962423
 0.39985052 0.3991952  0.39807022 0.39798793 0.3978485  0.3979359
 0.39950633 0.39850155 0.3974341  0.39753166 0.3977346  0.396995
 0.39347047 0.39390644 0.3947526  0.39531353 0.39520177 0.3951453
 0.39691448 0.39454162 0.39741105 0.3958066  0.3929377  0.39448214
 0.3928757  0.39275318 0.39402398 0.39063898 0.39249218 0.39212406
 0.3928681  0.39510262 0.39561146 0.3963777  0.39809474 0.39690268
 0.3941549  0.39618728 0.39832047 0.39942464 0.3980552  0.39916286
 0.39949122 0.4008833  0.40089506 0.39885005 0.39935622 0.3989543
 0.39961565 0.40063837 0.39957237 0.39910114 0.39740315 0.39604685
 0.39491704 0.39460397 0.39362302 0.3951766  0.39604115 0.39806658
 0.39716774 0.3980987  0.39963192 0.3998646  0.39921692 0.3980937
 0.39800462 0.3978622  0.39794624 0.39951444 0.3985107  0.39744148
 0.3975335  0.39772993 0.396986   0.39346096 0.39389646 0.39539364
 0.39786765 0.39775014 0.3975089  0.39880744 0.39619222 0.39846498
 0.396659   0.39392066 0.39522716 0.39346242 0.39328587 0.3944536
 0.39107642 0.3928325  0.39247066 0.39336425 0.39559996 0.39599973
 0.39670143 0.3983545  0.3970987  0.3943222  0.39629817 0.39839882
 0.3994744  0.3980786  0.39916226 0.39948896 0.40088153 0.40089372
 0.39885086 0.39935866 0.39895773 0.3996182  0.40064093 0.39957428
 0.39910433 0.3974053  0.39604762 0.39491734 0.39460233 0.39362383
 0.39517802 0.39604264 0.39806807 0.39716974 0.39810237 0.3996361
 0.39987132 0.3992259  0.3981036  0.3980131  0.39786968 0.39795265
 0.39952007 0.39851764 0.3974484  0.39754182 0.39774096 0.39699456
 0.39346775 0.39390126 0.39539886 0.3960954  0.3958513  0.39653966
 0.39825788 0.39603436 0.39844844 0.39665908 0.3939021  0.39527088
 0.39357466 0.39345902 0.3946651  0.3913191  0.39311504 0.39283773
 0.39365804 0.39582035 0.39611846 0.39676613 0.39838114 0.39711154
 0.39432788 0.3962934  0.3983719  0.39943996 0.39805678 0.39914438
 0.39947897 0.4008712  0.40088838 0.39884642 0.3993553  0.39895484
 0.39961645 0.40064028 0.39957625 0.399105   0.39740235 0.39604512
 0.39491603 0.39460212 0.3936232  0.39517722 0.3960419  0.39806747
 0.39716968 0.39810252 0.39963746 0.3998759  0.39923266 0.3981116
 0.39802018 0.3978764  0.3979579  0.39952502 0.39852262 0.39745048
 0.39753366 0.39771882 0.3969733  0.39344987 0.39388654 0.39538267
 0.39607808 0.3968916  0.39744768 0.39831564 0.39868757 0.39853066
 0.39918593 0.39960048 0.39926362 0.4004013  0.4026061  0.40321884
 0.40410894 0.4049085  0.4047971  0.40430206 0.40339732 0.40294832
 0.4042345  0.40388954 0.40343472 0.40315154 0.40486872 0.40704095
 0.40795138 0.40929726]"
Accuracy: tensor(0.4701)
Average Accuracy: tensor(0.5641)
